year,country,antibiotic_group,ddd_per_1000_inhabitants_per_day
2012,Belgium,J01D,1.9106
2012,Bulgaria,J01D,3.2477
2012,Croatia,J01D,4.0686
2012,Cyprus,J01D,5.3563
2012,Denmark,J01D,0.3228
2012,Estonia,J01D,1.5298
2012,Finland,J01D,3.2108
2012,France,J01D,2.6751
2012,Greece,J01D,7.0922
2012,Hungary,J01D,2.0579
2012,Ireland,J01D,1.3831
2012,Italy,J01D,2.7805
2012,Iceland,J01D,0.6883
2012,Lithuania,J01D,1.4884
2012,Luxembourg,J01D,4.2558
2012,Latvia,J01D,1.1129
2012,Malta,J01D,5.5131
2012,Netherlands,J01D,0.2094
2012,Norway,J01D,0.419
2012,Portugal,J01D,1.95
2012,Romania,J01D,4.3611
2012,Slovenia,J01D,0.6124
2012,Slovakia,J01D,4.0128
2012,Sweden,J01D,0.3526
2013,Belgium,J01D,1.9176
2013,Bulgaria,J01D,3.5748
2013,Croatia,J01D,3.4708
2013,Cyprus,J01D,4.8523
2013,Denmark,J01D,0.3857
2013,Estonia,J01D,1.6409
2013,Finland,J01D,3.1894
2013,France,J01D,2.5477
2013,Greece,J01D,7.9211
2013,Hungary,J01D,2.1166
2013,Ireland,J01D,1.5168
2013,Italy,J01D,2.8955
2013,Iceland,J01D,0.7642
2013,Lithuania,J01D,1.8363
2013,Luxembourg,J01D,4.4091
2013,Latvia,J01D,1.1805
2013,Malta,J01D,5.7598
2013,Netherlands,J01D,0.216
2013,Norway,J01D,0.406
2013,Portugal,J01D,1.8339
2013,Romania,J01D,4.8135
2013,Slovenia,J01D,0.5946
2013,Slovakia,J01D,5.1499
2013,Sweden,J01D,0.3542
2013,United Kingdom,J01D,0.4835
2014,Belgium,J01D,1.8033
2014,Bulgaria,J01D,4.1718
2014,Croatia,J01D,3.3302
2014,Cyprus,J01D,4.4708
2014,Denmark,J01D,0.42
2014,Estonia,J01D,1.7022
2014,Finland,J01D,3.1434
2014,France,J01D,2.3672
2014,Greece,J01D,7.793
2014,Hungary,J01D,2.1894
2014,Ireland,J01D,1.2738
2014,Italy,J01D,2.7476
2014,Lithuania,J01D,1.7069
2014,Luxembourg,J01D,3.9245
2014,Latvia,J01D,1.1443
2014,Malta,J01D,4.8077
2014,Netherlands,J01D,0.226
2014,Norway,J01D,0.3758
2014,Poland,J01D,2.7264
2014,Portugal,J01D,1.8406
2014,Romania,J01D,5.3279
2014,Slovenia,J01D,0.5828
2014,Slovakia,J01D,5.0526
2014,Sweden,J01D,0.3096
2014,United Kingdom,J01D,0.4749
2015,Belgium,J01D,1.8261
2015,Bulgaria,J01D,4.7507
2015,Croatia,J01D,3.2824
2015,Cyprus,J01D,5.2461
2015,Denmark,J01D,0.3237
2015,Estonia,J01D,1.7818
2015,Finland,J01D,2.9905
2015,France,J01D,2.4401
2015,Greece,J01D,8.0391
2015,Hungary,J01D,2.3065
2015,Ireland,J01D,1.3394
2015,Italy,J01D,2.6893
2015,Lithuania,J01D,1.871
2015,Luxembourg,J01D,3.9899
2015,Latvia,J01D,1.1852
2015,Malta,J01D,4.3403
2015,Netherlands,J01D,0.2369
2015,Norway,J01D,0.3534
2015,Poland,J01D,3.2008
2015,Portugal,J01D,1.9612
2015,Romania,J01D,5.272
2015,Slovenia,J01D,0.6132
2015,Slovakia,J01D,5.4468
2015,Sweden,J01D,0.3049
2015,United Kingdom,J01D,0.4324
2016,Belgium,J01D,1.6934
2016,Bulgaria,J01D,4.9631
2016,Croatia,J01D,2.9935
2016,Cyprus,J01D,5.1691
2016,Denmark,J01D,0.2938
2016,Estonia,J01D,1.7057
2016,Finland,J01D,3.0142
2016,France,J01D,2.2685
2016,Greece,J01D,7.9505
2016,Hungary,J01D,2.3839
2016,Ireland,J01D,1.3393
2016,Italy,J01D,2.5582
2016,Lithuania,J01D,1.9721
2016,Luxembourg,J01D,3.9103
2016,Latvia,J01D,1.209
2016,Malta,J01D,3.7945
2016,Netherlands,J01D,0.2346
2016,Norway,J01D,0.3347
2016,Poland,J01D,3.1966
2016,Portugal,J01D,1.9483
2016,Romania,J01D,4.9421
2016,Slovenia,J01D,0.6316
2016,Slovakia,J01D,5.3712
2016,Spain,J01D,2.6672
2016,Sweden,J01D,0.3027
2016,United Kingdom,J01D,0.3954
2017,Belgium,J01D,1.5439
2017,Bulgaria,J01D,5.2069
2017,Croatia,J01D,3.0207
2017,Cyprus,J01D,5.8056
2017,Denmark,J01D,0.3292
2017,Estonia,J01D,1.7321
2017,Finland,J01D,2.778
2017,France,J01D,1.9172
2017,Greece,J01D,8.2038
2017,Hungary,J01D,2.4571
2017,Ireland,J01D,1.2673
2017,Italy,J01D,2.3295
2017,Iceland,J01D,0.8906
2017,Lithuania,J01D,2.0706
2017,Luxembourg,J01D,2.8622
2017,Latvia,J01D,1.3026
2017,Malta,J01D,3.3981
2017,Netherlands,J01D,0.2437
2017,Norway,J01D,0.3298
2017,Poland,J01D,4.6313
2017,Portugal,J01D,2.0369
2017,Romania,J01D,4.9534
2017,Slovenia,J01D,0.6829
2017,Slovakia,J01D,5.0032
2017,Spain,J01D,2.673
2017,Sweden,J01D,0.2431
2017,United Kingdom,J01D,0.398
2018,Belgium,J01D,1.6211
2018,Bulgaria,J01D,5.6185
2018,Croatia,J01D,3.0521
2018,Cyprus,J01D,5.8835
2018,Denmark,J01D,0.2841
2018,Estonia,J01D,1.6866
2018,Finland,J01D,2.9027
2018,France,J01D,1.7267
2018,Greece,J01D,8.421
2018,Hungary,J01D,2.4972
2018,Ireland,J01D,1.3379
2018,Italy,J01D,2.5004
2018,Iceland,J01D,0.8615
2018,Lithuania,J01D,2.106
2018,Luxembourg,J01D,3.2871
2018,Latvia,J01D,1.2226
2018,Malta,J01D,2.9381
2018,Netherlands,J01D,0.2559
2018,Norway,J01D,0.3234
2018,Poland,J01D,3.4521
2018,Portugal,J01D,2.0131
2018,Romania,J01D,5.1711
2018,Slovenia,J01D,0.626
2018,Slovakia,J01D,6.701
2018,Spain,J01D,2.7483
2018,Sweden,J01D,0.2363
2018,United Kingdom,J01D,0.3823
2019,Austria,J01D,1.9211
2019,Belgium,J01D,1.5755
2019,Bulgaria,J01D,5.4792
2019,Croatia,J01D,3.1098
2019,Cyprus,J01D,6.396
2019,Czechia,J01D,2.5424
2019,Denmark,J01D,0.263
2019,Estonia,J01D,1.6934
2019,Finland,J01D,2.6317
2019,France,J01D,1.6074
2019,Greece,J01D,8.1122
2019,Hungary,J01D,2.4429
2019,Ireland,J01D,1.3766
2019,Italy,J01D,2.7281
2019,Iceland,J01D,0.7987
2019,Lithuania,J01D,2.1773
2019,Luxembourg,J01D,3.1866
2019,Latvia,J01D,1.2716
2019,Malta,J01D,3.1156
2019,Netherlands,J01D,0.2594
2019,Norway,J01D,0.3082
2019,Poland,J01D,4.0645
2019,Portugal,J01D,2.039
2019,Romania,J01D,5.3892
2019,Slovenia,J01D,0.709
2019,Slovakia,J01D,5.2639
2019,Spain,J01D,2.7597
2019,Sweden,J01D,0.2233
2019,United Kingdom,J01D,0.3728
2020,Austria,J01D,1.4526
2020,Belgium,J01D,1.1329
2020,Bulgaria,J01D,5.2658
2020,Croatia,J01D,2.5925
2020,Cyprus,J01D,6.1889
2020,Czechia,J01D,1.9058
2020,Denmark,J01D,0.2401
2020,Estonia,J01D,1.534
2020,Finland,J01D,2.2791
2020,France,J01D,1.1989
2020,Greece,J01D,6.3012
2020,Hungary,J01D,1.8031
2020,Ireland,J01D,1.1626
2020,Italy,J01D,2.1316
2020,Iceland,J01D,0.7538
2020,Lithuania,J01D,1.9919
2020,Luxembourg,J01D,2.1552
2020,Latvia,J01D,1.0926
2020,Malta,J01D,2.2521
2020,Netherlands,J01D,0.2564
2020,Norway,J01D,0.2823
2020,Poland,J01D,2.8537
2020,Portugal,J01D,1.7781
2020,Romania,J01D,4.4948
2020,Slovenia,J01D,0.6967
2020,Slovakia,J01D,3.6893
2020,Spain,J01D,2.3285
2020,Sweden,J01D,0.2093
2021,Austria,J01D,1.5237
2021,Belgium,J01D,1.143
2021,Bulgaria,J01D,6.0953
2021,Croatia,J01D,2.9605
2021,Cyprus,J01D,5.1559
2021,Czechia,J01D,2.0083
2021,Denmark,J01D,0.2308
2021,Estonia,J01D,1.3921
2021,Finland,J01D,2.1943
2021,France,J01D,1.2249
2021,Greece,J01D,4.9554
2021,Hungary,J01D,1.7148
2021,Ireland,J01D,1.159
2021,Italy,J01D,2.0059
2021,Iceland,J01D,0.8284
2021,Lithuania,J01D,1.93
2021,Luxembourg,J01D,2.0097
2021,Latvia,J01D,0.9918
2021,Malta,J01D,1.6529
2021,Netherlands,J01D,0.2608
2021,Norway,J01D,0.2917
2021,Poland,J01D,2.8589
2021,Portugal,J01D,1.9226
2021,Romania,J01D,4.6526
2021,Slovenia,J01D,0.7866
2021,Slovakia,J01D,3.997
2021,Spain,J01D,2.3836
2021,Sweden,J01D,0.218
2022,Austria,J01D,1.6071
2022,Belgium,J01D,1.3028
2022,Bulgaria,J01D,6.8561
2022,Croatia,J01D,3.3279
2022,Cyprus,J01D,6.4817
2022,Czechia,J01D,2.5126
2022,Denmark,J01D,0.2316
2022,Estonia,J01D,1.6714
2022,Finland,J01D,2.2219
2022,France,J01D,1.419
2022,Greece,J01D,7.4593
2022,Hungary,J01D,1.9151
2022,Ireland,J01D,1.5488
2022,Italy,J01D,2.5994
2022,Iceland,J01D,1.0374
2022,Lithuania,J01D,2.3909
2022,Luxembourg,J01D,2.3815
2022,Latvia,J01D,1.228
2022,Malta,J01D,2.9491
2022,Netherlands,J01D,0.2581
2022,Norway,J01D,0.3105
2022,Poland,J01D,3.5353
2022,Portugal,J01D,2.2571
2022,Romania,J01D,5.0321
2022,Slovenia,J01D,0.8486
2022,Slovakia,J01D,5.3841
2022,Spain,J01D,2.7698
2023,Austria,J01D,1.6169
2023,Belgium,J01D,1.1753
2023,Bulgaria,J01D,7.3742
2023,Croatia,J01D,3.5558
2023,Cyprus,J01D,0.0
2023,Czechia,J01D,2.9589
2023,Denmark,J01D,0.2111
2023,Estonia,J01D,1.5879
2023,Finland,J01D,2.1282
2023,France,J01D,1.3966
2023,Germany,J01D,2.7655
2023,Greece,J01D,6.6556
2023,Hungary,J01D,2.1414
2023,Ireland,J01D,0.7689
2023,Italy,J01D,2.9542
2023,Iceland,J01D,1.2379
2023,Lithuania,J01D,2.7711
2023,Luxembourg,J01D,2.3781
2023,Latvia,J01D,1.3224
2023,Malta,J01D,2.9924
2023,Netherlands,J01D,0.2669
2023,Norway,J01D,0.3024
2023,Poland,J01D,3.4994
2023,Portugal,J01D,2.1391
2023,Romania,J01D,5.02
2023,Slovenia,J01D,0.7047
2023,Slovakia,J01D,4.7648
2023,Spain,J01D,2.9034
2024,Austria,J01D,1.7557
2024,Belgium,J01D,1.0946
2024,Bulgaria,J01D,7.0756
2024,Croatia,J01D,3.5088
2024,Cyprus,J01D,5.6648
2024,Czechia,J01D,2.3524
2024,Estonia,J01D,1.4337
2024,Finland,J01D,2.0057
2024,France,J01D,1.299
2024,Germany,J01D,2.4619
2024,Greece,J01D,7.0871
2024,Hungary,J01D,2.2036
2024,Ireland,J01D,1.1156
2024,Italy,J01D,2.7984
2024,Iceland,J01D,1.0417
2024,Lithuania,J01D,2.2005
2024,Luxembourg,J01D,2.3706
2024,Latvia,J01D,1.3696
2024,Malta,J01D,2.522
2024,Netherlands,J01D,0.3006
2024,Norway,J01D,0.295
2024,Poland,J01D,3.237
2024,Portugal,J01D,2.265
2024,Romania,J01D,5.5616
2024,Slovenia,J01D,0.9779
2024,Slovakia,J01D,5.1044
2024,Spain,J01D,2.8573
2012,Belgium,J01G,0.0478
2012,Bulgaria,J01G,0.2826
2012,Croatia,J01G,0.1121
2012,Cyprus,J01G,0.0776
2012,Denmark,J01G,0.0585
2012,Estonia,J01G,0.0765
2012,Finland,J01G,0.0222
2012,France,J01G,0.0908
2012,Greece,J01G,0.1423
2012,Hungary,J01G,0.0425
2012,Ireland,J01G,0.0926
2012,Italy,J01G,0.09
2012,Iceland,J01G,0.0238
2012,Lithuania,J01G,0.1929
2012,Luxembourg,J01G,0.0705
2012,Latvia,J01G,0.118
2012,Malta,J01G,0.0637
2012,Netherlands,J01G,0.0796
2012,Norway,J01G,0.0733
2012,Portugal,J01G,0.0772
2012,Romania,J01G,0.418
2012,Slovenia,J01G,0.0559
2012,Slovakia,J01G,0.0717
2012,Sweden,J01G,0.0286
2013,Belgium,J01G,0.0503
2013,Bulgaria,J01G,0.2665
2013,Croatia,J01G,0.1009
2013,Cyprus,J01G,0.0645
2013,Denmark,J01G,0.0534
2013,Estonia,J01G,0.0594
2013,Finland,J01G,0.0084
2013,France,J01G,0.0885
2013,Greece,J01G,0.1231
2013,Hungary,J01G,0.0419
2013,Ireland,J01G,0.0705
2013,Italy,J01G,0.0741
2013,Iceland,J01G,0.0217
2013,Lithuania,J01G,0.1384
2013,Luxembourg,J01G,0.0573
2013,Latvia,J01G,0.1041
2013,Malta,J01G,0.0859
2013,Netherlands,J01G,0.0794
2013,Norway,J01G,0.0697
2013,Portugal,J01G,0.0756
2013,Romania,J01G,0.3865
2013,Slovenia,J01G,0.0522
2013,Slovakia,J01G,0.0817
2013,Sweden,J01G,0.027
2013,United Kingdom,J01G,0.1258
2014,Belgium,J01G,0.0425
2014,Bulgaria,J01G,0.2865
2014,Croatia,J01G,0.1366
2014,Cyprus,J01G,0.0567
2014,Denmark,J01G,0.0401
2014,Estonia,J01G,0.0724
2014,Finland,J01G,0.0055
2014,France,J01G,0.0929
2014,Greece,J01G,0.1358
2014,Hungary,J01G,0.0416
2014,Ireland,J01G,0.0614
2014,Italy,J01G,0.0712
2014,Lithuania,J01G,0.1002
2014,Luxembourg,J01G,0.0786
2014,Latvia,J01G,0.0934
2014,Malta,J01G,0.1063
2014,Netherlands,J01G,0.0736
2014,Norway,J01G,0.0712
2014,Poland,J01G,0.0934
2014,Portugal,J01G,0.0695
2014,Romania,J01G,0.4008
2014,Slovenia,J01G,0.062
2014,Slovakia,J01G,0.0835
2014,Sweden,J01G,0.0267
2014,United Kingdom,J01G,0.128
2015,Belgium,J01G,0.04
2015,Bulgaria,J01G,0.2841
2015,Croatia,J01G,0.1013
2015,Cyprus,J01G,0.0634
2015,Denmark,J01G,0.0405
2015,Estonia,J01G,0.0436
2015,Finland,J01G,0.0155
2015,France,J01G,0.0915
2015,Greece,J01G,0.1182
2015,Hungary,J01G,0.0403
2015,Ireland,J01G,0.0877
2015,Italy,J01G,0.285
2015,Lithuania,J01G,0.1047
2015,Luxembourg,J01G,0.0563
2015,Latvia,J01G,0.09
2015,Malta,J01G,0.1123
2015,Netherlands,J01G,0.0731
2015,Norway,J01G,0.0733
2015,Poland,J01G,0.0858
2015,Portugal,J01G,0.0689
2015,Romania,J01G,0.3635
2015,Slovenia,J01G,0.0614
2015,Slovakia,J01G,0.0919
2015,Sweden,J01G,0.0152
2015,United Kingdom,J01G,0.1228
2016,Belgium,J01G,0.0371
2016,Bulgaria,J01G,0.2646
2016,Croatia,J01G,0.0973
2016,Cyprus,J01G,0.0691
2016,Denmark,J01G,0.0526
2016,Estonia,J01G,0.0327
2016,Finland,J01G,0.0161
2016,France,J01G,0.0889
2016,Greece,J01G,0.1382
2016,Hungary,J01G,0.0393
2016,Ireland,J01G,0.0885
2016,Italy,J01G,0.4862
2016,Lithuania,J01G,0.0848
2016,Luxembourg,J01G,0.0564
2016,Latvia,J01G,0.0819
2016,Malta,J01G,0.0873
2016,Netherlands,J01G,0.0645
2016,Norway,J01G,0.0725
2016,Poland,J01G,0.0466
2016,Portugal,J01G,0.066
2016,Romania,J01G,0.2933
2016,Slovenia,J01G,0.0637
2016,Slovakia,J01G,0.0784
2016,Spain,J01G,0.0867
2016,Sweden,J01G,0.0275
2016,United Kingdom,J01G,0.12
2017,Belgium,J01G,0.0354
2017,Bulgaria,J01G,0.2594
2017,Croatia,J01G,0.0951
2017,Cyprus,J01G,0.0732
2017,Denmark,J01G,0.0591
2017,Estonia,J01G,0.0416
2017,Finland,J01G,0.014
2017,France,J01G,0.0804
2017,Greece,J01G,0.1366
2017,Hungary,J01G,0.0391
2017,Ireland,J01G,0.1013
2017,Italy,J01G,0.0683
2017,Iceland,J01G,0.0254
2017,Lithuania,J01G,0.0741
2017,Luxembourg,J01G,0.0601
2017,Latvia,J01G,0.0792
2017,Malta,J01G,0.0804
2017,Netherlands,J01G,0.0557
2017,Norway,J01G,0.0838
2017,Poland,J01G,0.0788
2017,Portugal,J01G,0.0613
2017,Romania,J01G,0.2131
2017,Slovenia,J01G,0.0624
2017,Slovakia,J01G,0.0859
2017,Spain,J01G,0.0808
2017,Sweden,J01G,0.0269
2017,United Kingdom,J01G,0.1298
2018,Belgium,J01G,0.0332
2018,Bulgaria,J01G,0.2683
2018,Croatia,J01G,0.1
2018,Cyprus,J01G,0.0825
2018,Denmark,J01G,0.0538
2018,Estonia,J01G,0.0315
2018,Finland,J01G,0.016
2018,France,J01G,0.0718
2018,Greece,J01G,0.1421
2018,Hungary,J01G,0.0253
2018,Ireland,J01G,0.1004
2018,Italy,J01G,0.0673
2018,Iceland,J01G,0.0265
2018,Lithuania,J01G,0.0645
2018,Luxembourg,J01G,0.0453
2018,Latvia,J01G,0.0737
2018,Malta,J01G,0.0808
2018,Netherlands,J01G,0.0546
2018,Norway,J01G,0.0896
2018,Poland,J01G,0.0765
2018,Portugal,J01G,0.0595
2018,Romania,J01G,0.1954
2018,Slovenia,J01G,0.0597
2018,Slovakia,J01G,0.121
2018,Spain,J01G,0.0814
2018,Sweden,J01G,0.0248
2018,United Kingdom,J01G,0.1312
2019,Austria,J01G,0.0299
2019,Belgium,J01G,0.0337
2019,Bulgaria,J01G,0.2665
2019,Croatia,J01G,0.0904
2019,Cyprus,J01G,0.0764
2019,Czechia,J01G,0.0869
2019,Denmark,J01G,0.0608
2019,Estonia,J01G,0.0241
2019,Finland,J01G,0.0166
2019,France,J01G,0.0687
2019,Greece,J01G,0.1416
2019,Hungary,J01G,0.0295
2019,Ireland,J01G,0.1048
2019,Italy,J01G,0.0579
2019,Iceland,J01G,0.0254
2019,Lithuania,J01G,0.0645
2019,Luxembourg,J01G,0.0431
2019,Latvia,J01G,0.0648
2019,Malta,J01G,0.0972
2019,Netherlands,J01G,0.0499
2019,Norway,J01G,0.0958
2019,Poland,J01G,0.0713
2019,Portugal,J01G,0.0573
2019,Romania,J01G,0.186
2019,Slovenia,J01G,0.0615
2019,Slovakia,J01G,0.082
2019,Spain,J01G,0.0767
2019,Sweden,J01G,0.0236
2019,United Kingdom,J01G,0.132
2020,Austria,J01G,0.0256
2020,Belgium,J01G,0.0315
2020,Bulgaria,J01G,0.2734
2020,Croatia,J01G,0.0719
2020,Cyprus,J01G,0.0924
2020,Czechia,J01G,0.0827
2020,Denmark,J01G,0.0458
2020,Estonia,J01G,0.024
2020,Finland,J01G,0.0151
2020,France,J01G,0.0599
2020,Greece,J01G,0.1257
2020,Hungary,J01G,0.0361
2020,Ireland,J01G,0.0779
2020,Italy,J01G,0.0563
2020,Iceland,J01G,0.0319
2020,Lithuania,J01G,0.0485
2020,Luxembourg,J01G,0.0219
2020,Latvia,J01G,0.0602
2020,Malta,J01G,0.0541
2020,Netherlands,J01G,0.0431
2020,Norway,J01G,0.0846
2020,Poland,J01G,0.0591
2020,Portugal,J01G,0.0605
2020,Romania,J01G,0.1589
2020,Slovenia,J01G,0.0541
2020,Slovakia,J01G,0.0716
2020,Spain,J01G,0.0771
2020,Sweden,J01G,0.0224
2021,Austria,J01G,0.0249
2021,Belgium,J01G,0.0306
2021,Bulgaria,J01G,0.2599
2021,Croatia,J01G,0.0878
2021,Cyprus,J01G,0.0865
2021,Czechia,J01G,0.0762
2021,Denmark,J01G,0.0504
2021,Estonia,J01G,0.0218
2021,Finland,J01G,0.0123
2021,France,J01G,0.0549
2021,Greece,J01G,0.1272
2021,Hungary,J01G,0.03
2021,Ireland,J01G,0.0716
2021,Italy,J01G,0.0537
2021,Iceland,J01G,0.0219
2021,Lithuania,J01G,0.0487
2021,Luxembourg,J01G,0.023
2021,Latvia,J01G,0.0438
2021,Malta,J01G,0.066
2021,Netherlands,J01G,0.0434
2021,Norway,J01G,0.0802
2021,Poland,J01G,0.0586
2021,Portugal,J01G,0.0603
2021,Romania,J01G,0.1496
2021,Slovenia,J01G,0.0542
2021,Slovakia,J01G,0.0737
2021,Spain,J01G,0.0774
2021,Sweden,J01G,0.0192
2022,Austria,J01G,0.0209
2022,Belgium,J01G,0.0289
2022,Bulgaria,J01G,0.2358
2022,Croatia,J01G,0.0909
2022,Cyprus,J01G,0.0917
2022,Czechia,J01G,0.0732
2022,Denmark,J01G,0.048
2022,Estonia,J01G,0.024
2022,Finland,J01G,0.0108
2022,France,J01G,0.0507
2022,Greece,J01G,0.0832
2022,Hungary,J01G,0.027
2022,Ireland,J01G,0.0715
2022,Italy,J01G,0.0488
2022,Iceland,J01G,0.0204
2022,Lithuania,J01G,0.0597
2022,Luxembourg,J01G,0.0301
2022,Latvia,J01G,0.044
2022,Malta,J01G,0.0488
2022,Netherlands,J01G,0.0409
2022,Norway,J01G,0.0866
2022,Poland,J01G,0.0649
2022,Portugal,J01G,0.0516
2022,Romania,J01G,0.1646
2022,Slovenia,J01G,0.0502
2022,Slovakia,J01G,0.0642
2022,Spain,J01G,0.0711
2023,Austria,J01G,0.0215
2023,Belgium,J01G,0.0253
2023,Bulgaria,J01G,0.2553
2023,Croatia,J01G,0.1136
2023,Cyprus,J01G,0.0
2023,Czechia,J01G,0.0717
2023,Denmark,J01G,0.0499
2023,Estonia,J01G,0.0188
2023,Finland,J01G,0.0103
2023,France,J01G,0.0512
2023,Germany,J01G,0.0209
2023,Greece,J01G,0.0827
2023,Hungary,J01G,0.0353
2023,Ireland,J01G,0.0702
2023,Italy,J01G,0.0508
2023,Iceland,J01G,0.0287
2023,Lithuania,J01G,0.0572
2023,Luxembourg,J01G,0.042
2023,Latvia,J01G,0.04
2023,Malta,J01G,0.0686
2023,Netherlands,J01G,0.0409
2023,Norway,J01G,0.0898
2023,Poland,J01G,0.0638
2023,Portugal,J01G,0.0492
2023,Romania,J01G,0.1592
2023,Slovenia,J01G,0.0478
2023,Slovakia,J01G,0.0652
2023,Spain,J01G,0.0639
2024,Austria,J01G,0.0199
2024,Belgium,J01G,0.0239
2024,Bulgaria,J01G,0.2679
2024,Croatia,J01G,0.0964
2024,Cyprus,J01G,0.0674
2024,Czechia,J01G,0.0764
2024,Estonia,J01G,0.0183
2024,Finland,J01G,0.0081
2024,France,J01G,0.0444
2024,Germany,J01G,0.0201
2024,Greece,J01G,0.1191
2024,Hungary,J01G,0.0358
2024,Ireland,J01G,0.0766
2024,Italy,J01G,0.0466
2024,Iceland,J01G,0.0286
2024,Lithuania,J01G,0.0517
2024,Luxembourg,J01G,0.0306
2024,Latvia,J01G,0.0412
2024,Malta,J01G,0.0509
2024,Netherlands,J01G,0.0433
2024,Norway,J01G,0.0913
2024,Poland,J01G,0.0602
2024,Portugal,J01G,0.0491
2024,Romania,J01G,0.1296
2024,Slovenia,J01G,0.0518
2024,Slovakia,J01G,0.0547
2024,Spain,J01G,0.0558
2012,Belgium,J01M,2.9993
2012,Bulgaria,J01M,2.521
2012,Croatia,J01M,1.6802
2012,Cyprus,J01M,3.5125
2012,Denmark,J01M,0.7404
2012,Estonia,J01M,1.1493
2012,Finland,J01M,1.1887
2012,France,J01M,2.1818
2012,Greece,J01M,2.5753
2012,Hungary,J01M,2.1834
2012,Ireland,J01M,0.9859
2012,Italy,J01M,3.9137
2012,Iceland,J01M,1.0112
2012,Lithuania,J01M,1.3694
2012,Luxembourg,J01M,3.0086
2012,Latvia,J01M,1.3313
2012,Malta,J01M,2.2161
2012,Netherlands,J01M,0.9222
2012,Norway,J01M,0.6366
2012,Portugal,J01M,2.5583
2012,Romania,J01M,3.3623
2012,Slovenia,J01M,1.2889
2012,Slovakia,J01M,2.1974
2012,Sweden,J01M,0.9082
2013,Belgium,J01M,2.856
2013,Bulgaria,J01M,2.6338
2013,Croatia,J01M,1.6614
2013,Cyprus,J01M,3.983
2013,Denmark,J01M,0.7014
2013,Estonia,J01M,1.0845
2013,Finland,J01M,1.131
2013,France,J01M,2.09
2013,Greece,J01M,2.2333
2013,Hungary,J01M,2.3195
2013,Ireland,J01M,0.9794
2013,Italy,J01M,3.9751
2013,Iceland,J01M,1.1234
2013,Lithuania,J01M,1.1287
2013,Luxembourg,J01M,2.8779
2013,Latvia,J01M,1.3702
2013,Malta,J01M,3.1656
2013,Netherlands,J01M,0.8677
2013,Norway,J01M,0.6075
2013,Portugal,J01M,2.3421
2013,Romania,J01M,3.4686
2013,Slovenia,J01M,1.3069
2013,Slovakia,J01M,2.4492
2013,Sweden,J01M,0.8693
2013,United Kingdom,J01M,0.5815
2014,Belgium,J01M,2.7606
2014,Bulgaria,J01M,3.0106
2014,Croatia,J01M,1.696
2014,Cyprus,J01M,3.2179
2014,Denmark,J01M,0.6771
2014,Estonia,J01M,1.0863
2014,Finland,J01M,1.1087
2014,France,J01M,1.9899
2014,Greece,J01M,2.7745
2014,Hungary,J01M,2.6365
2014,Ireland,J01M,0.9393
2014,Italy,J01M,3.8055
2014,Lithuania,J01M,1.074
2014,Luxembourg,J01M,2.7778
2014,Latvia,J01M,1.3502
2014,Malta,J01M,3.4206
2014,Netherlands,J01M,0.8924
2014,Norway,J01M,0.5698
2014,Poland,J01M,1.3515
2014,Portugal,J01M,2.2653
2014,Romania,J01M,3.7196
2014,Slovenia,J01M,1.3213
2014,Slovakia,J01M,0.9214
2014,Sweden,J01M,0.8484
2014,United Kingdom,J01M,0.5865
2015,Belgium,J01M,2.7807
2015,Bulgaria,J01M,3.0408
2015,Croatia,J01M,1.7049
2015,Cyprus,J01M,4.5551
2015,Denmark,J01M,0.6618
2015,Estonia,J01M,1.0775
2015,Finland,J01M,0.9874
2015,France,J01M,1.8257
2015,Greece,J01M,2.8974
2015,Hungary,J01M,2.9199
2015,Ireland,J01M,1.032
2015,Italy,J01M,3.8038
2015,Lithuania,J01M,1.1822
2015,Luxembourg,J01M,2.6771
2015,Latvia,J01M,1.3199
2015,Malta,J01M,3.112
2015,Netherlands,J01M,0.8704
2015,Norway,J01M,0.5133
2015,Poland,J01M,1.5419
2015,Portugal,J01M,2.1833
2015,Romania,J01M,3.5031
2015,Slovenia,J01M,1.3765
2015,Slovakia,J01M,2.7089
2015,Sweden,J01M,0.8431
2015,United Kingdom,J01M,0.5684
2016,Belgium,J01M,2.6038
2016,Bulgaria,J01M,3.017
2016,Croatia,J01M,1.7002
2016,Cyprus,J01M,7.0182
2016,Denmark,J01M,0.6259
2016,Estonia,J01M,0.9893
2016,Finland,J01M,0.9938
2016,France,J01M,1.7301
2016,Greece,J01M,2.8204
2016,Hungary,J01M,2.584
2016,Ireland,J01M,0.9753
2016,Italy,J01M,3.6267
2016,Lithuania,J01M,1.1542
2016,Luxembourg,J01M,2.6178
2016,Latvia,J01M,1.3076
2016,Malta,J01M,2.6724
2016,Netherlands,J01M,0.8405
2016,Norway,J01M,0.463
2016,Poland,J01M,1.6201
2016,Portugal,J01M,2.0427
2016,Romania,J01M,2.8942
2016,Slovenia,J01M,1.3493
2016,Slovakia,J01M,2.5506
2016,Spain,J01M,3.241
2016,Sweden,J01M,0.8196
2016,United Kingdom,J01M,0.553
2017,Belgium,J01M,2.3611
2017,Bulgaria,J01M,3.1091
2017,Croatia,J01M,1.7304
2017,Cyprus,J01M,6.2056
2017,Denmark,J01M,0.5834
2017,Estonia,J01M,0.987
2017,Finland,J01M,0.8874
2017,France,J01M,1.5592
2017,Greece,J01M,2.8021
2017,Hungary,J01M,2.6083
2017,Ireland,J01M,0.9043
2017,Italy,J01M,3.0724
2017,Iceland,J01M,0.9123
2017,Lithuania,J01M,1.1074
2017,Luxembourg,J01M,2.9601
2017,Latvia,J01M,1.2714
2017,Malta,J01M,2.4808
2017,Netherlands,J01M,0.8198
2017,Norway,J01M,0.3995
2017,Poland,J01M,1.6613
2017,Portugal,J01M,1.8579
2017,Romania,J01M,3.249
2017,Slovenia,J01M,1.3093
2017,Slovakia,J01M,2.3991
2017,Spain,J01M,3.1188
2017,Sweden,J01M,0.7758
2017,United Kingdom,J01M,0.5698
2018,Belgium,J01M,1.3325
2018,Bulgaria,J01M,3.1226
2018,Croatia,J01M,1.7228
2018,Cyprus,J01M,5.2969
2018,Denmark,J01M,0.5463
2018,Estonia,J01M,0.8607
2018,Finland,J01M,0.8208
2018,France,J01M,1.5275
2018,Greece,J01M,3.1559
2018,Hungary,J01M,2.499
2018,Ireland,J01M,0.8632
2018,Italy,J01M,3.0127
2018,Iceland,J01M,0.9062
2018,Lithuania,J01M,1.0648
2018,Luxembourg,J01M,2.2104
2018,Latvia,J01M,1.2268
2018,Malta,J01M,2.5983
2018,Netherlands,J01M,0.8129
2018,Norway,J01M,0.3602
2018,Poland,J01M,1.6592
2018,Portugal,J01M,1.8198
2018,Romania,J01M,3.2967
2018,Slovenia,J01M,1.3014
2018,Slovakia,J01M,2.3434
2018,Spain,J01M,2.9655
2018,Sweden,J01M,0.748
2018,United Kingdom,J01M,0.5701
2019,Austria,J01M,0.898
2019,Belgium,J01M,0.7304
2019,Bulgaria,J01M,3.0808
2019,Croatia,J01M,1.601
2019,Cyprus,J01M,5.8189
2019,Czechia,J01M,0.6852
2019,Denmark,J01M,0.4924
2019,Estonia,J01M,0.774
2019,Finland,J01M,0.6194
2019,France,J01M,1.3773
2019,Greece,J01M,3.2378
2019,Hungary,J01M,2.07
2019,Ireland,J01M,0.626
2019,Italy,J01M,2.2442
2019,Iceland,J01M,0.6157
2019,Lithuania,J01M,1.0171
2019,Luxembourg,J01M,1.7156
2019,Latvia,J01M,1.0699
2019,Malta,J01M,2.1213
2019,Netherlands,J01M,0.7414
2019,Norway,J01M,0.3145
2019,Poland,J01M,1.5166
2019,Portugal,J01M,1.6374
2019,Romania,J01M,3.3207
2019,Slovenia,J01M,1.167
2019,Slovakia,J01M,1.6627
2019,Spain,J01M,2.5264
2019,Sweden,J01M,0.6937
2019,United Kingdom,J01M,0.5146
2020,Austria,J01M,0.6995
2020,Belgium,J01M,0.5942
2020,Bulgaria,J01M,3.8858
2020,Croatia,J01M,1.4162
2020,Cyprus,J01M,7.3408
2020,Czechia,J01M,0.5959
2020,Denmark,J01M,0.4377
2020,Estonia,J01M,0.8824
2020,Finland,J01M,0.5482
2020,France,J01M,1.2457
2020,Greece,J01M,2.799
2020,Hungary,J01M,1.5469
2020,Ireland,J01M,0.4774
2020,Italy,J01M,1.8731
2020,Iceland,J01M,0.5315
2020,Lithuania,J01M,0.9249
2020,Luxembourg,J01M,1.3865
2020,Latvia,J01M,0.9259
2020,Malta,J01M,1.6373
2020,Netherlands,J01M,0.7049
2020,Norway,J01M,0.2711
2020,Poland,J01M,1.2956
2020,Portugal,J01M,1.2955
2020,Romania,J01M,3.1247
2020,Slovenia,J01M,0.9712
2020,Slovakia,J01M,1.3167
2020,Spain,J01M,1.9731
2020,Sweden,J01M,0.624
2021,Austria,J01M,0.6327
2021,Belgium,J01M,0.5804
2021,Bulgaria,J01M,4.5122
2021,Croatia,J01M,1.6774
2021,Cyprus,J01M,4.6942
2021,Czechia,J01M,0.597
2021,Denmark,J01M,0.4167
2021,Estonia,J01M,0.7032
2021,Finland,J01M,0.4873
2021,France,J01M,1.1639
2021,Greece,J01M,2.3648
2021,Hungary,J01M,1.5364
2021,Ireland,J01M,0.4263
2021,Italy,J01M,1.7703
2021,Iceland,J01M,0.496
2021,Lithuania,J01M,0.779
2021,Luxembourg,J01M,1.3782
2021,Latvia,J01M,0.8139
2021,Malta,J01M,1.4692
2021,Netherlands,J01M,0.6993
2021,Norway,J01M,0.2467
2021,Poland,J01M,1.4558
2021,Portugal,J01M,1.2575
2021,Romania,J01M,3.3309
2021,Slovenia,J01M,0.9776
2021,Slovakia,J01M,1.3587
2021,Spain,J01M,1.8936
2021,Sweden,J01M,0.6191
2022,Austria,J01M,0.6906
2022,Belgium,J01M,0.6132
2022,Bulgaria,J01M,3.7299
2022,Croatia,J01M,1.744
2022,Cyprus,J01M,4.5648
2022,Czechia,J01M,0.6276
2022,Denmark,J01M,0.4412
2022,Estonia,J01M,0.7186
2022,Finland,J01M,0.5235
2022,France,J01M,1.3104
2022,Greece,J01M,3.3374
2022,Hungary,J01M,1.7732
2022,Ireland,J01M,0.4478
2022,Italy,J01M,1.9736
2022,Iceland,J01M,0.5046
2022,Lithuania,J01M,0.8576
2022,Luxembourg,J01M,1.4768
2022,Latvia,J01M,0.938
2022,Malta,J01M,1.9034
2022,Netherlands,J01M,0.732
2022,Norway,J01M,0.2441
2022,Poland,J01M,1.5
2022,Portugal,J01M,1.3809
2022,Romania,J01M,3.4759
2022,Slovenia,J01M,1.0127
2022,Slovakia,J01M,1.4324
2022,Spain,J01M,2.1623
2023,Austria,J01M,0.7952
2023,Belgium,J01M,0.6062
2023,Bulgaria,J01M,3.2753
2023,Croatia,J01M,1.7605
2023,Cyprus,J01M,0.0
2023,Czechia,J01M,0.5101
2023,Denmark,J01M,0.4249
2023,Estonia,J01M,0.7017
2023,Finland,J01M,0.5269
2023,France,J01M,1.1777
2023,Germany,J01M,0.582
2023,Greece,J01M,3.433
2023,Hungary,J01M,1.6423
2023,Ireland,J01M,0.4305
2023,Italy,J01M,1.9316
2023,Iceland,J01M,0.4703
2023,Lithuania,J01M,0.9443
2023,Luxembourg,J01M,1.4612
2023,Latvia,J01M,0.8916
2023,Malta,J01M,1.7239
2023,Netherlands,J01M,0.7518
2023,Norway,J01M,0.2355
2023,Poland,J01M,1.4264
2023,Portugal,J01M,1.4022
2023,Romania,J01M,3.4379
2023,Slovenia,J01M,1.1001
2023,Slovakia,J01M,1.4472
2023,Spain,J01M,2.2223
2024,Austria,J01M,0.682
2024,Belgium,J01M,0.5752
2024,Bulgaria,J01M,2.7345
2024,Croatia,J01M,1.7
2024,Cyprus,J01M,4.8307
2024,Czechia,J01M,0.5271
2024,Estonia,J01M,0.6399
2024,Finland,J01M,0.4905
2024,France,J01M,1.1277
2024,Germany,J01M,0.5277
2024,Greece,J01M,3.5137
2024,Hungary,J01M,1.3584
2024,Ireland,J01M,0.3945
2024,Italy,J01M,1.7812
2024,Iceland,J01M,0.4436
2024,Lithuania,J01M,0.8766
2024,Luxembourg,J01M,1.4648
2024,Latvia,J01M,0.8309
2024,Malta,J01M,1.7481
2024,Netherlands,J01M,0.74
2024,Norway,J01M,0.2202
2024,Poland,J01M,1.3681
2024,Portugal,J01M,1.4223
2024,Romania,J01M,2.841
2024,Slovenia,J01M,1.0563
2024,Slovakia,J01M,1.3743
2024,Spain,J01M,2.1524
