"HealthTopic","Population","Indicator","Unit","Time","RegionCode","RegionName","NumValue","TxtValue"
"Antimicrobial resistance","Acinetobacter spp.|Aminoglycosides","R - resistant isolates, percentage  ","%","2012","BG","Bulgaria",58.461538460,""
"Antimicrobial resistance","Acinetobacter spp.|Aminoglycosides","R - resistant isolates, percentage  ","%","2012","CY","Cyprus",52.173913040,""
"Antimicrobial resistance","Acinetobacter spp.|Aminoglycosides","R - resistant isolates, percentage  ","%","2012","DE","Germany",5.882352940,""
"Antimicrobial resistance","Acinetobacter spp.|Aminoglycosides","R - resistant isolates, percentage  ","%","2012","DK","Denmark",10.389610380,""
"Antimicrobial resistance","Acinetobacter spp.|Aminoglycosides","R - resistant isolates, percentage  ","%","2012","EL","Greece",78.119935170,""
"Antimicrobial resistance","Acinetobacter spp.|Aminoglycosides","R - resistant isolates, percentage  ","%","2012","FR","France",12.949640280,""
"Antimicrobial resistance","Acinetobacter spp.|Aminoglycosides","R - resistant isolates, percentage  ","%","2012","HU","Hungary",68.796068790,""
"Antimicrobial resistance","Acinetobacter spp.|Aminoglycosides","R - resistant isolates, percentage  ","%","2012","IS","Iceland",-,""
"Antimicrobial resistance","Acinetobacter spp.|Aminoglycosides","R - resistant isolates, percentage  ","%","2012","IT","Italy",83.333333330,""
"Antimicrobial resistance","Acinetobacter spp.|Aminoglycosides","R - resistant isolates, percentage  ","%","2012","LU","Luxembourg",-,""
"Antimicrobial resistance","Acinetobacter spp.|Aminoglycosides","R - resistant isolates, percentage  ","%","2012","MT","Malta",-,""
"Antimicrobial resistance","Acinetobacter spp.|Aminoglycosides","R - resistant isolates, percentage  ","%","2012","NL","Netherlands",4.545454540,""
"Antimicrobial resistance","Acinetobacter spp.|Aminoglycosides","R - resistant isolates, percentage  ","%","2012","NO","Norway",4.000000000,""
"Antimicrobial resistance","Acinetobacter spp.|Aminoglycosides","R - resistant isolates, percentage  ","%","2012","PL","Poland",70.142180090,""
"Antimicrobial resistance","Acinetobacter spp.|Aminoglycosides","R - resistant isolates, percentage  ","%","2012","PT","Portugal",65.088757390,""
"Antimicrobial resistance","Acinetobacter spp.|Aminoglycosides","R - resistant isolates, percentage  ","%","2012","RO","Romania",57.407407400,""
"Antimicrobial resistance","Acinetobacter spp.|Aminoglycosides","R - resistant isolates, percentage  ","%","2012","SI","Slovenia",20.000000000,""
"Antimicrobial resistance","Acinetobacter spp.|Aminoglycosides","R - resistant isolates, percentage  ","%","2012","UK","United Kingdom",2.777777770,""
"Antimicrobial resistance","Acinetobacter spp.|Aminoglycosides","R - resistant isolates, percentage  ","%","2013","AT","Austria",9.803921560,""
"Antimicrobial resistance","Acinetobacter spp.|Aminoglycosides","R - resistant isolates, percentage  ","%","2013","BE","Belgium",-,""
"Antimicrobial resistance","Acinetobacter spp.|Aminoglycosides","R - resistant isolates, percentage  ","%","2013","BG","Bulgaria",58.241758240,""
"Antimicrobial resistance","Acinetobacter spp.|Aminoglycosides","R - resistant isolates, percentage  ","%","2013","CY","Cyprus",60.606060600,""
"Antimicrobial resistance","Acinetobacter spp.|Aminoglycosides","R - resistant isolates, percentage  ","%","2013","CZ","Czechia",15.384615380,""
"Antimicrobial resistance","Acinetobacter spp.|Aminoglycosides","R - resistant isolates, percentage  ","%","2013","DE","Germany",6.111111110,""
"Antimicrobial resistance","Acinetobacter spp.|Aminoglycosides","R - resistant isolates, percentage  ","%","2013","DK","Denmark",1.333333330,""
"Antimicrobial resistance","Acinetobacter spp.|Aminoglycosides","R - resistant isolates, percentage  ","%","2013","EL","Greece",82.041820410,""
"Antimicrobial resistance","Acinetobacter spp.|Aminoglycosides","R - resistant isolates, percentage  ","%","2013","ES","Spain",68.831168830,""
"Antimicrobial resistance","Acinetobacter spp.|Aminoglycosides","R - resistant isolates, percentage  ","%","2013","FI","Finland",0.000000000,""
"Antimicrobial resistance","Acinetobacter spp.|Aminoglycosides","R - resistant isolates, percentage  ","%","2013","FR","France",11.246943760,""
"Antimicrobial resistance","Acinetobacter spp.|Aminoglycosides","R - resistant isolates, percentage  ","%","2013","HR","Croatia",84.070796460,""
"Antimicrobial resistance","Acinetobacter spp.|Aminoglycosides","R - resistant isolates, percentage  ","%","2013","HU","Hungary",63.213530650,""
"Antimicrobial resistance","Acinetobacter spp.|Aminoglycosides","R - resistant isolates, percentage  ","%","2013","IE","Ireland",1.136363630,""
"Antimicrobial resistance","Acinetobacter spp.|Aminoglycosides","R - resistant isolates, percentage  ","%","2013","IT","Italy",81.798245610,""
"Antimicrobial resistance","Acinetobacter spp.|Aminoglycosides","R - resistant isolates, percentage  ","%","2013","LU","Luxembourg",-,""
"Antimicrobial resistance","Acinetobacter spp.|Aminoglycosides","R - resistant isolates, percentage  ","%","2013","MT","Malta",-,""
"Antimicrobial resistance","Acinetobacter spp.|Aminoglycosides","R - resistant isolates, percentage  ","%","2013","NL","Netherlands",2.941176470,""
"Antimicrobial resistance","Acinetobacter spp.|Aminoglycosides","R - resistant isolates, percentage  ","%","2013","NO","Norway",2.777777770,""
"Antimicrobial resistance","Acinetobacter spp.|Aminoglycosides","R - resistant isolates, percentage  ","%","2013","PL","Poland",73.298429310,""
"Antimicrobial resistance","Acinetobacter spp.|Aminoglycosides","R - resistant isolates, percentage  ","%","2013","PT","Portugal",56.277056270,""
"Antimicrobial resistance","Acinetobacter spp.|Aminoglycosides","R - resistant isolates, percentage  ","%","2013","RO","Romania",80.291970800,""
"Antimicrobial resistance","Acinetobacter spp.|Aminoglycosides","R - resistant isolates, percentage  ","%","2013","SE","Sweden",8.108108100,""
"Antimicrobial resistance","Acinetobacter spp.|Aminoglycosides","R - resistant isolates, percentage  ","%","2013","SI","Slovenia",16.000000000,""
"Antimicrobial resistance","Acinetobacter spp.|Aminoglycosides","R - resistant isolates, percentage  ","%","2013","SK","Slovakia",42.780748660,""
"Antimicrobial resistance","Acinetobacter spp.|Aminoglycosides","R - resistant isolates, percentage  ","%","2013","UK","United Kingdom",2.453987730,""
"Antimicrobial resistance","Acinetobacter spp.|Aminoglycosides","R - resistant isolates, percentage  ","%","2014","AT","Austria",8.860759490,""
"Antimicrobial resistance","Acinetobacter spp.|Aminoglycosides","R - resistant isolates, percentage  ","%","2014","BE","Belgium",-,""
"Antimicrobial resistance","Acinetobacter spp.|Aminoglycosides","R - resistant isolates, percentage  ","%","2014","BG","Bulgaria",60.919540220,""
"Antimicrobial resistance","Acinetobacter spp.|Aminoglycosides","R - resistant isolates, percentage  ","%","2014","CY","Cyprus",73.684210520,""
"Antimicrobial resistance","Acinetobacter spp.|Aminoglycosides","R - resistant isolates, percentage  ","%","2014","CZ","Czechia",10.169491520,""
"Antimicrobial resistance","Acinetobacter spp.|Aminoglycosides","R - resistant isolates, percentage  ","%","2014","DE","Germany",4.060913700,""
"Antimicrobial resistance","Acinetobacter spp.|Aminoglycosides","R - resistant isolates, percentage  ","%","2014","DK","Denmark",1.666666660,""
"Antimicrobial resistance","Acinetobacter spp.|Aminoglycosides","R - resistant isolates, percentage  ","%","2014","EL","Greece",83.875000000,""
"Antimicrobial resistance","Acinetobacter spp.|Aminoglycosides","R - resistant isolates, percentage  ","%","2014","ES","Spain",58.750000000,""
"Antimicrobial resistance","Acinetobacter spp.|Aminoglycosides","R - resistant isolates, percentage  ","%","2014","FI","Finland",3.225806450,""
"Antimicrobial resistance","Acinetobacter spp.|Aminoglycosides","R - resistant isolates, percentage  ","%","2014","FR","France",8.312958430,""
"Antimicrobial resistance","Acinetobacter spp.|Aminoglycosides","R - resistant isolates, percentage  ","%","2014","HR","Croatia",82.530120480,""
"Antimicrobial resistance","Acinetobacter spp.|Aminoglycosides","R - resistant isolates, percentage  ","%","2014","HU","Hungary",59.459459450,""
"Antimicrobial resistance","Acinetobacter spp.|Aminoglycosides","R - resistant isolates, percentage  ","%","2014","IE","Ireland",2.247191010,""
"Antimicrobial resistance","Acinetobacter spp.|Aminoglycosides","R - resistant isolates, percentage  ","%","2014","IS","Iceland",-,""
"Antimicrobial resistance","Acinetobacter spp.|Aminoglycosides","R - resistant isolates, percentage  ","%","2014","IT","Italy",88.288288280,""
"Antimicrobial resistance","Acinetobacter spp.|Aminoglycosides","R - resistant isolates, percentage  ","%","2014","LT","Lithuania",80.000000000,""
"Antimicrobial resistance","Acinetobacter spp.|Aminoglycosides","R - resistant isolates, percentage  ","%","2014","LU","Luxembourg",-,""
"Antimicrobial resistance","Acinetobacter spp.|Aminoglycosides","R - resistant isolates, percentage  ","%","2014","LV","Latvia",69.230769230,""
"Antimicrobial resistance","Acinetobacter spp.|Aminoglycosides","R - resistant isolates, percentage  ","%","2014","MT","Malta",-,""
"Antimicrobial resistance","Acinetobacter spp.|Aminoglycosides","R - resistant isolates, percentage  ","%","2014","NL","Netherlands",7.608695650,""
"Antimicrobial resistance","Acinetobacter spp.|Aminoglycosides","R - resistant isolates, percentage  ","%","2014","NO","Norway",3.030303030,""
"Antimicrobial resistance","Acinetobacter spp.|Aminoglycosides","R - resistant isolates, percentage  ","%","2014","PL","Poland",58.510638290,""
"Antimicrobial resistance","Acinetobacter spp.|Aminoglycosides","R - resistant isolates, percentage  ","%","2014","PT","Portugal",42.264150940,""
"Antimicrobial resistance","Acinetobacter spp.|Aminoglycosides","R - resistant isolates, percentage  ","%","2014","RO","Romania",77.868852450,""
"Antimicrobial resistance","Acinetobacter spp.|Aminoglycosides","R - resistant isolates, percentage  ","%","2014","SE","Sweden",2.777777770,""
"Antimicrobial resistance","Acinetobacter spp.|Aminoglycosides","R - resistant isolates, percentage  ","%","2014","SI","Slovenia",32.352941170,""
"Antimicrobial resistance","Acinetobacter spp.|Aminoglycosides","R - resistant isolates, percentage  ","%","2014","SK","Slovakia",40.588235290,""
"Antimicrobial resistance","Acinetobacter spp.|Aminoglycosides","R - resistant isolates, percentage  ","%","2014","UK","United Kingdom",10.077519370,""
"Antimicrobial resistance","Acinetobacter spp.|Aminoglycosides","R - resistant isolates, percentage  ","%","2015","AT","Austria",6.349206340,""
"Antimicrobial resistance","Acinetobacter spp.|Aminoglycosides","R - resistant isolates, percentage  ","%","2015","BE","Belgium",-,""
"Antimicrobial resistance","Acinetobacter spp.|Aminoglycosides","R - resistant isolates, percentage  ","%","2015","BG","Bulgaria",74.137931030,""
"Antimicrobial resistance","Acinetobacter spp.|Aminoglycosides","R - resistant isolates, percentage  ","%","2015","CY","Cyprus",74.576271180,""
"Antimicrobial resistance","Acinetobacter spp.|Aminoglycosides","R - resistant isolates, percentage  ","%","2015","CZ","Czechia",15.000000000,""
"Antimicrobial resistance","Acinetobacter spp.|Aminoglycosides","R - resistant isolates, percentage  ","%","2015","DE","Germany",5.438066460,""
"Antimicrobial resistance","Acinetobacter spp.|Aminoglycosides","R - resistant isolates, percentage  ","%","2015","DK","Denmark",4.761904760,""
"Antimicrobial resistance","Acinetobacter spp.|Aminoglycosides","R - resistant isolates, percentage  ","%","2015","EE","Estonia",-,""
"Antimicrobial resistance","Acinetobacter spp.|Aminoglycosides","R - resistant isolates, percentage  ","%","2015","EL","Greece",83.703703700,""
"Antimicrobial resistance","Acinetobacter spp.|Aminoglycosides","R - resistant isolates, percentage  ","%","2015","ES","Spain",48.958333330,""
"Antimicrobial resistance","Acinetobacter spp.|Aminoglycosides","R - resistant isolates, percentage  ","%","2015","FI","Finland",2.380952380,""
"Antimicrobial resistance","Acinetobacter spp.|Aminoglycosides","R - resistant isolates, percentage  ","%","2015","FR","France",11.136890950,""
"Antimicrobial resistance","Acinetobacter spp.|Aminoglycosides","R - resistant isolates, percentage  ","%","2015","HR","Croatia",88.324873090,""
"Antimicrobial resistance","Acinetobacter spp.|Aminoglycosides","R - resistant isolates, percentage  ","%","2015","HU","Hungary",60.645161290,""
"Antimicrobial resistance","Acinetobacter spp.|Aminoglycosides","R - resistant isolates, percentage  ","%","2015","IE","Ireland",3.750000000,""
"Antimicrobial resistance","Acinetobacter spp.|Aminoglycosides","R - resistant isolates, percentage  ","%","2015","IS","Iceland",-,""
"Antimicrobial resistance","Acinetobacter spp.|Aminoglycosides","R - resistant isolates, percentage  ","%","2015","IT","Italy",74.695121950,""
"Antimicrobial resistance","Acinetobacter spp.|Aminoglycosides","R - resistant isolates, percentage  ","%","2015","LT","Lithuania",90.410958900,""
"Antimicrobial resistance","Acinetobacter spp.|Aminoglycosides","R - resistant isolates, percentage  ","%","2015","LU","Luxembourg",-,""
"Antimicrobial resistance","Acinetobacter spp.|Aminoglycosides","R - resistant isolates, percentage  ","%","2015","LV","Latvia",59.016393440,""
"Antimicrobial resistance","Acinetobacter spp.|Aminoglycosides","R - resistant isolates, percentage  ","%","2015","MT","Malta",-,""
"Antimicrobial resistance","Acinetobacter spp.|Aminoglycosides","R - resistant isolates, percentage  ","%","2015","NL","Netherlands",9.375000000,""
"Antimicrobial resistance","Acinetobacter spp.|Aminoglycosides","R - resistant isolates, percentage  ","%","2015","NO","Norway",9.375000000,""
"Antimicrobial resistance","Acinetobacter spp.|Aminoglycosides","R - resistant isolates, percentage  ","%","2015","PL","Poland",70.204081630,""
"Antimicrobial resistance","Acinetobacter spp.|Aminoglycosides","R - resistant isolates, percentage  ","%","2015","PT","Portugal",46.451612900,""
"Antimicrobial resistance","Acinetobacter spp.|Aminoglycosides","R - resistant isolates, percentage  ","%","2015","RO","Romania",80.851063820,""
"Antimicrobial resistance","Acinetobacter spp.|Aminoglycosides","R - resistant isolates, percentage  ","%","2015","SE","Sweden",3.846153840,""
"Antimicrobial resistance","Acinetobacter spp.|Aminoglycosides","R - resistant isolates, percentage  ","%","2015","SI","Slovenia",41.935483870,""
"Antimicrobial resistance","Acinetobacter spp.|Aminoglycosides","R - resistant isolates, percentage  ","%","2015","SK","Slovakia",42.857142850,""
"Antimicrobial resistance","Acinetobacter spp.|Aminoglycosides","R - resistant isolates, percentage  ","%","2015","UK","United Kingdom",1.960784310,""
"Antimicrobial resistance","Acinetobacter spp.|Aminoglycosides","R - resistant isolates, percentage  ","%","2016","AT","Austria",16.049382710,""
"Antimicrobial resistance","Acinetobacter spp.|Aminoglycosides","R - resistant isolates, percentage  ","%","2016","BE","Belgium",1.515151510,""
"Antimicrobial resistance","Acinetobacter spp.|Aminoglycosides","R - resistant isolates, percentage  ","%","2016","BG","Bulgaria",81.012658220,""
"Antimicrobial resistance","Acinetobacter spp.|Aminoglycosides","R - resistant isolates, percentage  ","%","2016","CY","Cyprus",57.142857140,""
"Antimicrobial resistance","Acinetobacter spp.|Aminoglycosides","R - resistant isolates, percentage  ","%","2016","CZ","Czechia",8.771929820,""
"Antimicrobial resistance","Acinetobacter spp.|Aminoglycosides","R - resistant isolates, percentage  ","%","2016","DE","Germany",2.981651370,""
"Antimicrobial resistance","Acinetobacter spp.|Aminoglycosides","R - resistant isolates, percentage  ","%","2016","DK","Denmark",0.000000000,""
"Antimicrobial resistance","Acinetobacter spp.|Aminoglycosides","R - resistant isolates, percentage  ","%","2016","EE","Estonia",-,""
"Antimicrobial resistance","Acinetobacter spp.|Aminoglycosides","R - resistant isolates, percentage  ","%","2016","EL","Greece",84.965831430,""
"Antimicrobial resistance","Acinetobacter spp.|Aminoglycosides","R - resistant isolates, percentage  ","%","2016","ES","Spain",50.943396220,""
"Antimicrobial resistance","Acinetobacter spp.|Aminoglycosides","R - resistant isolates, percentage  ","%","2016","FI","Finland",3.571428570,""
"Antimicrobial resistance","Acinetobacter spp.|Aminoglycosides","R - resistant isolates, percentage  ","%","2016","FR","France",12.249443200,""
"Antimicrobial resistance","Acinetobacter spp.|Aminoglycosides","R - resistant isolates, percentage  ","%","2016","HR","Croatia",82.967032960,""
"Antimicrobial resistance","Acinetobacter spp.|Aminoglycosides","R - resistant isolates, percentage  ","%","2016","HU","Hungary",59.102244380,""
"Antimicrobial resistance","Acinetobacter spp.|Aminoglycosides","R - resistant isolates, percentage  ","%","2016","IE","Ireland",1.587301580,""
"Antimicrobial resistance","Acinetobacter spp.|Aminoglycosides","R - resistant isolates, percentage  ","%","2016","IS","Iceland",-,""
"Antimicrobial resistance","Acinetobacter spp.|Aminoglycosides","R - resistant isolates, percentage  ","%","2016","IT","Italy",76.420454540,""
"Antimicrobial resistance","Acinetobacter spp.|Aminoglycosides","R - resistant isolates, percentage  ","%","2016","LT","Lithuania",82.758620680,""
"Antimicrobial resistance","Acinetobacter spp.|Aminoglycosides","R - resistant isolates, percentage  ","%","2016","LU","Luxembourg",-,""
"Antimicrobial resistance","Acinetobacter spp.|Aminoglycosides","R - resistant isolates, percentage  ","%","2016","LV","Latvia",77.777777770,""
"Antimicrobial resistance","Acinetobacter spp.|Aminoglycosides","R - resistant isolates, percentage  ","%","2016","MT","Malta",-,""
"Antimicrobial resistance","Acinetobacter spp.|Aminoglycosides","R - resistant isolates, percentage  ","%","2016","NL","Netherlands",3.053435110,""
"Antimicrobial resistance","Acinetobacter spp.|Aminoglycosides","R - resistant isolates, percentage  ","%","2016","NO","Norway",3.125000000,""
"Antimicrobial resistance","Acinetobacter spp.|Aminoglycosides","R - resistant isolates, percentage  ","%","2016","PL","Poland",72.609819120,""
"Antimicrobial resistance","Acinetobacter spp.|Aminoglycosides","R - resistant isolates, percentage  ","%","2016","PT","Portugal",39.320388340,""
"Antimicrobial resistance","Acinetobacter spp.|Aminoglycosides","R - resistant isolates, percentage  ","%","2016","RO","Romania",89.473684210,""
"Antimicrobial resistance","Acinetobacter spp.|Aminoglycosides","R - resistant isolates, percentage  ","%","2016","SE","Sweden",5.882352940,""
"Antimicrobial resistance","Acinetobacter spp.|Aminoglycosides","R - resistant isolates, percentage  ","%","2016","SI","Slovenia",43.333333330,""
"Antimicrobial resistance","Acinetobacter spp.|Aminoglycosides","R - resistant isolates, percentage  ","%","2016","SK","Slovakia",40.869565210,""
"Antimicrobial resistance","Acinetobacter spp.|Aminoglycosides","R - resistant isolates, percentage  ","%","2016","UK","United Kingdom",3.344481600,""
"Antimicrobial resistance","Acinetobacter spp.|Aminoglycosides","R - resistant isolates, percentage  ","%","2017","AT","Austria",9.333333330,""
"Antimicrobial resistance","Acinetobacter spp.|Aminoglycosides","R - resistant isolates, percentage  ","%","2017","BE","Belgium",13.131313130,""
"Antimicrobial resistance","Acinetobacter spp.|Aminoglycosides","R - resistant isolates, percentage  ","%","2017","BG","Bulgaria",89.130434780,""
"Antimicrobial resistance","Acinetobacter spp.|Aminoglycosides","R - resistant isolates, percentage  ","%","2017","CY","Cyprus",76.000000000,""
"Antimicrobial resistance","Acinetobacter spp.|Aminoglycosides","R - resistant isolates, percentage  ","%","2017","CZ","Czechia",12.727272720,""
"Antimicrobial resistance","Acinetobacter spp.|Aminoglycosides","R - resistant isolates, percentage  ","%","2017","DE","Germany",3.413654610,""
"Antimicrobial resistance","Acinetobacter spp.|Aminoglycosides","R - resistant isolates, percentage  ","%","2017","DK","Denmark",0.000000000,""
"Antimicrobial resistance","Acinetobacter spp.|Aminoglycosides","R - resistant isolates, percentage  ","%","2017","EE","Estonia",-,""
"Antimicrobial resistance","Acinetobacter spp.|Aminoglycosides","R - resistant isolates, percentage  ","%","2017","EL","Greece",85.620300750,""
"Antimicrobial resistance","Acinetobacter spp.|Aminoglycosides","R - resistant isolates, percentage  ","%","2017","ES","Spain",52.173913040,""
"Antimicrobial resistance","Acinetobacter spp.|Aminoglycosides","R - resistant isolates, percentage  ","%","2017","FI","Finland",0.000000000,""
"Antimicrobial resistance","Acinetobacter spp.|Aminoglycosides","R - resistant isolates, percentage  ","%","2017","FR","France",9.071729950,""
"Antimicrobial resistance","Acinetobacter spp.|Aminoglycosides","R - resistant isolates, percentage  ","%","2017","HR","Croatia",83.980582520,""
"Antimicrobial resistance","Acinetobacter spp.|Aminoglycosides","R - resistant isolates, percentage  ","%","2017","HU","Hungary",56.145251390,""
"Antimicrobial resistance","Acinetobacter spp.|Aminoglycosides","R - resistant isolates, percentage  ","%","2017","IE","Ireland",3.225806450,""
"Antimicrobial resistance","Acinetobacter spp.|Aminoglycosides","R - resistant isolates, percentage  ","%","2017","IS","Iceland",-,""
"Antimicrobial resistance","Acinetobacter spp.|Aminoglycosides","R - resistant isolates, percentage  ","%","2017","IT","Italy",76.076555020,""
"Antimicrobial resistance","Acinetobacter spp.|Aminoglycosides","R - resistant isolates, percentage  ","%","2017","LT","Lithuania",81.395348830,""
"Antimicrobial resistance","Acinetobacter spp.|Aminoglycosides","R - resistant isolates, percentage  ","%","2017","LU","Luxembourg",-,""
"Antimicrobial resistance","Acinetobacter spp.|Aminoglycosides","R - resistant isolates, percentage  ","%","2017","LV","Latvia",78.787878780,""
"Antimicrobial resistance","Acinetobacter spp.|Aminoglycosides","R - resistant isolates, percentage  ","%","2017","MT","Malta",-,""
"Antimicrobial resistance","Acinetobacter spp.|Aminoglycosides","R - resistant isolates, percentage  ","%","2017","NL","Netherlands",3.076923070,""
"Antimicrobial resistance","Acinetobacter spp.|Aminoglycosides","R - resistant isolates, percentage  ","%","2017","NO","Norway",0.000000000,""
"Antimicrobial resistance","Acinetobacter spp.|Aminoglycosides","R - resistant isolates, percentage  ","%","2017","PL","Poland",72.674418600,""
"Antimicrobial resistance","Acinetobacter spp.|Aminoglycosides","R - resistant isolates, percentage  ","%","2017","PT","Portugal",28.571428570,""
"Antimicrobial resistance","Acinetobacter spp.|Aminoglycosides","R - resistant isolates, percentage  ","%","2017","RO","Romania",83.606557370,""
"Antimicrobial resistance","Acinetobacter spp.|Aminoglycosides","R - resistant isolates, percentage  ","%","2017","SE","Sweden",0.000000000,""
"Antimicrobial resistance","Acinetobacter spp.|Aminoglycosides","R - resistant isolates, percentage  ","%","2017","SI","Slovenia",41.666666660,""
"Antimicrobial resistance","Acinetobacter spp.|Aminoglycosides","R - resistant isolates, percentage  ","%","2017","SK","Slovakia",40.000000000,""
"Antimicrobial resistance","Acinetobacter spp.|Aminoglycosides","R - resistant isolates, percentage  ","%","2017","UK","United Kingdom",4.556962020,""
"Antimicrobial resistance","Acinetobacter spp.|Aminoglycosides","R - resistant isolates, percentage  ","%","2018","AT","Austria",8.695652170,""
"Antimicrobial resistance","Acinetobacter spp.|Aminoglycosides","R - resistant isolates, percentage  ","%","2018","BE","Belgium",7.377049180,""
"Antimicrobial resistance","Acinetobacter spp.|Aminoglycosides","R - resistant isolates, percentage  ","%","2018","BG","Bulgaria",73.636363630,""
"Antimicrobial resistance","Acinetobacter spp.|Aminoglycosides","R - resistant isolates, percentage  ","%","2018","CY","Cyprus",75.438596490,""
"Antimicrobial resistance","Acinetobacter spp.|Aminoglycosides","R - resistant isolates, percentage  ","%","2018","CZ","Czechia",21.978021970,""
"Antimicrobial resistance","Acinetobacter spp.|Aminoglycosides","R - resistant isolates, percentage  ","%","2018","DE","Germany",3.413654610,""
"Antimicrobial resistance","Acinetobacter spp.|Aminoglycosides","R - resistant isolates, percentage  ","%","2018","DK","Denmark",7.547169810,""
"Antimicrobial resistance","Acinetobacter spp.|Aminoglycosides","R - resistant isolates, percentage  ","%","2018","EE","Estonia",-,""
"Antimicrobial resistance","Acinetobacter spp.|Aminoglycosides","R - resistant isolates, percentage  ","%","2018","EL","Greece",81.555333990,""
"Antimicrobial resistance","Acinetobacter spp.|Aminoglycosides","R - resistant isolates, percentage  ","%","2018","ES","Spain",49.382716040,""
"Antimicrobial resistance","Acinetobacter spp.|Aminoglycosides","R - resistant isolates, percentage  ","%","2018","FI","Finland",7.407407400,""
"Antimicrobial resistance","Acinetobacter spp.|Aminoglycosides","R - resistant isolates, percentage  ","%","2018","FR","France",8.921161820,""
"Antimicrobial resistance","Acinetobacter spp.|Aminoglycosides","R - resistant isolates, percentage  ","%","2018","HR","Croatia",91.503267970,""
"Antimicrobial resistance","Acinetobacter spp.|Aminoglycosides","R - resistant isolates, percentage  ","%","2018","HU","Hungary",48.688046640,""
"Antimicrobial resistance","Acinetobacter spp.|Aminoglycosides","R - resistant isolates, percentage  ","%","2018","IE","Ireland",3.571428570,""
"Antimicrobial resistance","Acinetobacter spp.|Aminoglycosides","R - resistant isolates, percentage  ","%","2018","IS","Iceland",-,""
"Antimicrobial resistance","Acinetobacter spp.|Aminoglycosides","R - resistant isolates, percentage  ","%","2018","IT","Italy",76.990504010,""
"Antimicrobial resistance","Acinetobacter spp.|Aminoglycosides","R - resistant isolates, percentage  ","%","2018","LT","Lithuania",85.057471260,""
"Antimicrobial resistance","Acinetobacter spp.|Aminoglycosides","R - resistant isolates, percentage  ","%","2018","LU","Luxembourg",-,""
"Antimicrobial resistance","Acinetobacter spp.|Aminoglycosides","R - resistant isolates, percentage  ","%","2018","LV","Latvia",60.416666660,""
"Antimicrobial resistance","Acinetobacter spp.|Aminoglycosides","R - resistant isolates, percentage  ","%","2018","MT","Malta",-,""
"Antimicrobial resistance","Acinetobacter spp.|Aminoglycosides","R - resistant isolates, percentage  ","%","2018","NL","Netherlands",4.729729720,""
"Antimicrobial resistance","Acinetobacter spp.|Aminoglycosides","R - resistant isolates, percentage  ","%","2018","NO","Norway",0.000000000,""
"Antimicrobial resistance","Acinetobacter spp.|Aminoglycosides","R - resistant isolates, percentage  ","%","2018","PL","Poland",67.368421050,""
"Antimicrobial resistance","Acinetobacter spp.|Aminoglycosides","R - resistant isolates, percentage  ","%","2018","PT","Portugal",25.396825390,""
"Antimicrobial resistance","Acinetobacter spp.|Aminoglycosides","R - resistant isolates, percentage  ","%","2018","RO","Romania",80.000000000,""
"Antimicrobial resistance","Acinetobacter spp.|Aminoglycosides","R - resistant isolates, percentage  ","%","2018","SE","Sweden",5.454545450,""
"Antimicrobial resistance","Acinetobacter spp.|Aminoglycosides","R - resistant isolates, percentage  ","%","2018","SI","Slovenia",20.512820510,""
"Antimicrobial resistance","Acinetobacter spp.|Aminoglycosides","R - resistant isolates, percentage  ","%","2018","SK","Slovakia",44.444444440,""
"Antimicrobial resistance","Acinetobacter spp.|Aminoglycosides","R - resistant isolates, percentage  ","%","2018","UK","United Kingdom",5.096418730,""
"Antimicrobial resistance","Acinetobacter spp.|Aminoglycosides","R - resistant isolates, percentage  ","%","2019","AT","Austria",7.317073170,""
"Antimicrobial resistance","Acinetobacter spp.|Aminoglycosides","R - resistant isolates, percentage  ","%","2019","BE","Belgium",3.529411760,""
"Antimicrobial resistance","Acinetobacter spp.|Aminoglycosides","R - resistant isolates, percentage  ","%","2019","BG","Bulgaria",78.030303030,""
"Antimicrobial resistance","Acinetobacter spp.|Aminoglycosides","R - resistant isolates, percentage  ","%","2019","CY","Cyprus",84.375000000,""
"Antimicrobial resistance","Acinetobacter spp.|Aminoglycosides","R - resistant isolates, percentage  ","%","2019","CZ","Czechia",33.684210520,""
"Antimicrobial resistance","Acinetobacter spp.|Aminoglycosides","R - resistant isolates, percentage  ","%","2019","DE","Germany",4.186046510,""
"Antimicrobial resistance","Acinetobacter spp.|Aminoglycosides","R - resistant isolates, percentage  ","%","2019","DK","Denmark",2.777777770,""
"Antimicrobial resistance","Acinetobacter spp.|Aminoglycosides","R - resistant isolates, percentage  ","%","2019","EE","Estonia",-,""
"Antimicrobial resistance","Acinetobacter spp.|Aminoglycosides","R - resistant isolates, percentage  ","%","2019","EL","Greece",88.659793810,""
"Antimicrobial resistance","Acinetobacter spp.|Aminoglycosides","R - resistant isolates, percentage  ","%","2019","ES","Spain",46.987951800,""
"Antimicrobial resistance","Acinetobacter spp.|Aminoglycosides","R - resistant isolates, percentage  ","%","2019","FI","Finland",0.000000000,""
"Antimicrobial resistance","Acinetobacter spp.|Aminoglycosides","R - resistant isolates, percentage  ","%","2019","FR","France",14.587737840,""
"Antimicrobial resistance","Acinetobacter spp.|Aminoglycosides","R - resistant isolates, percentage  ","%","2019","HR","Croatia",92.142857140,""
"Antimicrobial resistance","Acinetobacter spp.|Aminoglycosides","R - resistant isolates, percentage  ","%","2019","HU","Hungary",50.596658710,""
"Antimicrobial resistance","Acinetobacter spp.|Aminoglycosides","R - resistant isolates, percentage  ","%","2019","IE","Ireland",1.754385960,""
"Antimicrobial resistance","Acinetobacter spp.|Aminoglycosides","R - resistant isolates, percentage  ","%","2019","IS","Iceland",-,""
"Antimicrobial resistance","Acinetobacter spp.|Aminoglycosides","R - resistant isolates, percentage  ","%","2019","IT","Italy",78.802687840,""
"Antimicrobial resistance","Acinetobacter spp.|Aminoglycosides","R - resistant isolates, percentage  ","%","2019","LT","Lithuania",83.177570090,""
"Antimicrobial resistance","Acinetobacter spp.|Aminoglycosides","R - resistant isolates, percentage  ","%","2019","LU","Luxembourg",-,""
"Antimicrobial resistance","Acinetobacter spp.|Aminoglycosides","R - resistant isolates, percentage  ","%","2019","LV","Latvia",68.181818180,""
"Antimicrobial resistance","Acinetobacter spp.|Aminoglycosides","R - resistant isolates, percentage  ","%","2019","MT","Malta",-,""
"Antimicrobial resistance","Acinetobacter spp.|Aminoglycosides","R - resistant isolates, percentage  ","%","2019","NL","Netherlands",3.225806450,""
"Antimicrobial resistance","Acinetobacter spp.|Aminoglycosides","R - resistant isolates, percentage  ","%","2019","NO","Norway",4.347826080,""
"Antimicrobial resistance","Acinetobacter spp.|Aminoglycosides","R - resistant isolates, percentage  ","%","2019","PL","Poland",70.793650790,""
"Antimicrobial resistance","Acinetobacter spp.|Aminoglycosides","R - resistant isolates, percentage  ","%","2019","PT","Portugal",24.731182790,""
"Antimicrobial resistance","Acinetobacter spp.|Aminoglycosides","R - resistant isolates, percentage  ","%","2019","RO","Romania",83.817427380,""
"Antimicrobial resistance","Acinetobacter spp.|Aminoglycosides","R - resistant isolates, percentage  ","%","2019","SE","Sweden",5.309734510,""
"Antimicrobial resistance","Acinetobacter spp.|Aminoglycosides","R - resistant isolates, percentage  ","%","2019","SI","Slovenia",25.000000000,""
"Antimicrobial resistance","Acinetobacter spp.|Aminoglycosides","R - resistant isolates, percentage  ","%","2019","SK","Slovakia",46.391752570,""
"Antimicrobial resistance","Acinetobacter spp.|Aminoglycosides","R - resistant isolates, percentage  ","%","2019","UK","United Kingdom",5.131761440,""
"Antimicrobial resistance","Acinetobacter spp.|Aminoglycosides","R - resistant isolates, percentage  ","%","2020","AT","Austria",7.575757570,""
"Antimicrobial resistance","Acinetobacter spp.|Aminoglycosides","R - resistant isolates, percentage  ","%","2020","BE","Belgium",2.702702700,""
"Antimicrobial resistance","Acinetobacter spp.|Aminoglycosides","R - resistant isolates, percentage  ","%","2020","BG","Bulgaria",75.968992240,""
"Antimicrobial resistance","Acinetobacter spp.|Aminoglycosides","R - resistant isolates, percentage  ","%","2020","CY","Cyprus",77.586206890,""
"Antimicrobial resistance","Acinetobacter spp.|Aminoglycosides","R - resistant isolates, percentage  ","%","2020","CZ","Czechia",34.146341460,""
"Antimicrobial resistance","Acinetobacter spp.|Aminoglycosides","R - resistant isolates, percentage  ","%","2020","DE","Germany",4.735883420,""
"Antimicrobial resistance","Acinetobacter spp.|Aminoglycosides","R - resistant isolates, percentage  ","%","2020","DK","Denmark",4.615384610,""
"Antimicrobial resistance","Acinetobacter spp.|Aminoglycosides","R - resistant isolates, percentage  ","%","2020","EE","Estonia",-,""
"Antimicrobial resistance","Acinetobacter spp.|Aminoglycosides","R - resistant isolates, percentage  ","%","2020","EL","Greece",90.371389270,""
"Antimicrobial resistance","Acinetobacter spp.|Aminoglycosides","R - resistant isolates, percentage  ","%","2020","ES","Spain",53.260869560,""
"Antimicrobial resistance","Acinetobacter spp.|Aminoglycosides","R - resistant isolates, percentage  ","%","2020","FI","Finland",2.702702700,""
"Antimicrobial resistance","Acinetobacter spp.|Aminoglycosides","R - resistant isolates, percentage  ","%","2020","FR","France",8.320726170,""
"Antimicrobial resistance","Acinetobacter spp.|Aminoglycosides","R - resistant isolates, percentage  ","%","2020","HR","Croatia",96.444444440,""
"Antimicrobial resistance","Acinetobacter spp.|Aminoglycosides","R - resistant isolates, percentage  ","%","2020","HU","Hungary",72.368421050,""
"Antimicrobial resistance","Acinetobacter spp.|Aminoglycosides","R - resistant isolates, percentage  ","%","2020","IE","Ireland",2.083333330,""
"Antimicrobial resistance","Acinetobacter spp.|Aminoglycosides","R - resistant isolates, percentage  ","%","2020","IS","Iceland",-,""
"Antimicrobial resistance","Acinetobacter spp.|Aminoglycosides","R - resistant isolates, percentage  ","%","2020","IT","Italy",80.248397430,""
"Antimicrobial resistance","Acinetobacter spp.|Aminoglycosides","R - resistant isolates, percentage  ","%","2020","LT","Lithuania",86.274509800,""
"Antimicrobial resistance","Acinetobacter spp.|Aminoglycosides","R - resistant isolates, percentage  ","%","2020","LU","Luxembourg",-,""
"Antimicrobial resistance","Acinetobacter spp.|Aminoglycosides","R - resistant isolates, percentage  ","%","2020","LV","Latvia",63.461538460,""
"Antimicrobial resistance","Acinetobacter spp.|Aminoglycosides","R - resistant isolates, percentage  ","%","2020","MT","Malta",-,""
"Antimicrobial resistance","Acinetobacter spp.|Aminoglycosides","R - resistant isolates, percentage  ","%","2020","NL","Netherlands",1.342281870,""
"Antimicrobial resistance","Acinetobacter spp.|Aminoglycosides","R - resistant isolates, percentage  ","%","2020","NO","Norway",0.000000000,""
"Antimicrobial resistance","Acinetobacter spp.|Aminoglycosides","R - resistant isolates, percentage  ","%","2020","PL","Poland",70.798898070,""
"Antimicrobial resistance","Acinetobacter spp.|Aminoglycosides","R - resistant isolates, percentage  ","%","2020","PT","Portugal",12.500000000,""
"Antimicrobial resistance","Acinetobacter spp.|Aminoglycosides","R - resistant isolates, percentage  ","%","2020","RO","Romania",90.118577070,""
"Antimicrobial resistance","Acinetobacter spp.|Aminoglycosides","R - resistant isolates, percentage  ","%","2020","SE","Sweden",8.000000000,""
"Antimicrobial resistance","Acinetobacter spp.|Aminoglycosides","R - resistant isolates, percentage  ","%","2020","SI","Slovenia",25.000000000,""
"Antimicrobial resistance","Acinetobacter spp.|Aminoglycosides","R - resistant isolates, percentage  ","%","2020","SK","Slovakia",28.421052630,""
"Antimicrobial resistance","Acinetobacter spp.|Aminoglycosides","R - resistant isolates, percentage  ","%","2021","AT","Austria",10.666666660,""
"Antimicrobial resistance","Acinetobacter spp.|Aminoglycosides","R - resistant isolates, percentage  ","%","2021","BE","Belgium",5.228758160,""
"Antimicrobial resistance","Acinetobacter spp.|Aminoglycosides","R - resistant isolates, percentage  ","%","2021","BG","Bulgaria",81.566820270,""
"Antimicrobial resistance","Acinetobacter spp.|Aminoglycosides","R - resistant isolates, percentage  ","%","2021","CY","Cyprus",89.719626160,""
"Antimicrobial resistance","Acinetobacter spp.|Aminoglycosides","R - resistant isolates, percentage  ","%","2021","CZ","Czechia",50.819672130,""
"Antimicrobial resistance","Acinetobacter spp.|Aminoglycosides","R - resistant isolates, percentage  ","%","2021","DE","Germany",4.189435330,""
"Antimicrobial resistance","Acinetobacter spp.|Aminoglycosides","R - resistant isolates, percentage  ","%","2021","DK","Denmark",7.000000000,""
"Antimicrobial resistance","Acinetobacter spp.|Aminoglycosides","R - resistant isolates, percentage  ","%","2021","EE","Estonia",-,""
"Antimicrobial resistance","Acinetobacter spp.|Aminoglycosides","R - resistant isolates, percentage  ","%","2021","EL","Greece",91.410559490,""
"Antimicrobial resistance","Acinetobacter spp.|Aminoglycosides","R - resistant isolates, percentage  ","%","2021","ES","Spain",58.064516120,""
"Antimicrobial resistance","Acinetobacter spp.|Aminoglycosides","R - resistant isolates, percentage  ","%","2021","FI","Finland",2.127659570,""
"Antimicrobial resistance","Acinetobacter spp.|Aminoglycosides","R - resistant isolates, percentage  ","%","2021","FR","France",6.092124810,""
"Antimicrobial resistance","Acinetobacter spp.|Aminoglycosides","R - resistant isolates, percentage  ","%","2021","HR","Croatia",98.765432090,""
"Antimicrobial resistance","Acinetobacter spp.|Aminoglycosides","R - resistant isolates, percentage  ","%","2021","HU","Hungary",81.799163170,""
"Antimicrobial resistance","Acinetobacter spp.|Aminoglycosides","R - resistant isolates, percentage  ","%","2021","IE","Ireland",3.125000000,""
"Antimicrobial resistance","Acinetobacter spp.|Aminoglycosides","R - resistant isolates, percentage  ","%","2021","IS","Iceland",-,""
"Antimicrobial resistance","Acinetobacter spp.|Aminoglycosides","R - resistant isolates, percentage  ","%","2021","IT","Italy",86.412542260,""
"Antimicrobial resistance","Acinetobacter spp.|Aminoglycosides","R - resistant isolates, percentage  ","%","2021","LT","Lithuania",93.447293440,""
"Antimicrobial resistance","Acinetobacter spp.|Aminoglycosides","R - resistant isolates, percentage  ","%","2021","LU","Luxembourg",-,""
"Antimicrobial resistance","Acinetobacter spp.|Aminoglycosides","R - resistant isolates, percentage  ","%","2021","LV","Latvia",68.292682920,""
"Antimicrobial resistance","Acinetobacter spp.|Aminoglycosides","R - resistant isolates, percentage  ","%","2021","MT","Malta",-,""
"Antimicrobial resistance","Acinetobacter spp.|Aminoglycosides","R - resistant isolates, percentage  ","%","2021","NL","Netherlands",4.188481670,""
"Antimicrobial resistance","Acinetobacter spp.|Aminoglycosides","R - resistant isolates, percentage  ","%","2021","NO","Norway",2.380952380,""
"Antimicrobial resistance","Acinetobacter spp.|Aminoglycosides","R - resistant isolates, percentage  ","%","2021","PL","Poland",74.137931030,""
"Antimicrobial resistance","Acinetobacter spp.|Aminoglycosides","R - resistant isolates, percentage  ","%","2021","PT","Portugal",12.500000000,""
"Antimicrobial resistance","Acinetobacter spp.|Aminoglycosides","R - resistant isolates, percentage  ","%","2021","RO","Romania",91.071428570,""
"Antimicrobial resistance","Acinetobacter spp.|Aminoglycosides","R - resistant isolates, percentage  ","%","2021","SE","Sweden",5.072463760,""
"Antimicrobial resistance","Acinetobacter spp.|Aminoglycosides","R - resistant isolates, percentage  ","%","2021","SI","Slovenia",68.548387090,""
"Antimicrobial resistance","Acinetobacter spp.|Aminoglycosides","R - resistant isolates, percentage  ","%","2021","SK","Slovakia",61.904761900,""
"Antimicrobial resistance","Acinetobacter spp.|Aminoglycosides","R - resistant isolates, percentage  ","%","2022","AT","Austria",0.000000000,""
"Antimicrobial resistance","Acinetobacter spp.|Aminoglycosides","R - resistant isolates, percentage  ","%","2022","BE","Belgium",1.398601390,""
"Antimicrobial resistance","Acinetobacter spp.|Aminoglycosides","R - resistant isolates, percentage  ","%","2022","BG","Bulgaria",81.250000000,""
"Antimicrobial resistance","Acinetobacter spp.|Aminoglycosides","R - resistant isolates, percentage  ","%","2022","CY","Cyprus",82.178217820,""
"Antimicrobial resistance","Acinetobacter spp.|Aminoglycosides","R - resistant isolates, percentage  ","%","2022","CZ","Czechia",37.647058820,""
"Antimicrobial resistance","Acinetobacter spp.|Aminoglycosides","R - resistant isolates, percentage  ","%","2022","DE","Germany",4.685212290,""
"Antimicrobial resistance","Acinetobacter spp.|Aminoglycosides","R - resistant isolates, percentage  ","%","2022","DK","Denmark",5.154639170,""
"Antimicrobial resistance","Acinetobacter spp.|Aminoglycosides","R - resistant isolates, percentage  ","%","2022","EE","Estonia",-,""
"Antimicrobial resistance","Acinetobacter spp.|Aminoglycosides","R - resistant isolates, percentage  ","%","2022","EL","Greece",89.129011130,""
"Antimicrobial resistance","Acinetobacter spp.|Aminoglycosides","R - resistant isolates, percentage  ","%","2022","ES","Spain",32.967032960,""
"Antimicrobial resistance","Acinetobacter spp.|Aminoglycosides","R - resistant isolates, percentage  ","%","2022","FI","Finland",3.571428570,""
"Antimicrobial resistance","Acinetobacter spp.|Aminoglycosides","R - resistant isolates, percentage  ","%","2022","FR","France",7.001321000,""
"Antimicrobial resistance","Acinetobacter spp.|Aminoglycosides","R - resistant isolates, percentage  ","%","2022","HR","Croatia",96.180555550,""
"Antimicrobial resistance","Acinetobacter spp.|Aminoglycosides","R - resistant isolates, percentage  ","%","2022","HU","Hungary",47.166361970,""
"Antimicrobial resistance","Acinetobacter spp.|Aminoglycosides","R - resistant isolates, percentage  ","%","2022","IE","Ireland",1.492537310,""
"Antimicrobial resistance","Acinetobacter spp.|Aminoglycosides","R - resistant isolates, percentage  ","%","2022","IS","Iceland",-,""
"Antimicrobial resistance","Acinetobacter spp.|Aminoglycosides","R - resistant isolates, percentage  ","%","2022","IT","Italy",85.001768650,""
"Antimicrobial resistance","Acinetobacter spp.|Aminoglycosides","R - resistant isolates, percentage  ","%","2022","LT","Lithuania",84.210526310,""
"Antimicrobial resistance","Acinetobacter spp.|Aminoglycosides","R - resistant isolates, percentage  ","%","2022","LU","Luxembourg",-,""
"Antimicrobial resistance","Acinetobacter spp.|Aminoglycosides","R - resistant isolates, percentage  ","%","2022","LV","Latvia",57.534246570,""
"Antimicrobial resistance","Acinetobacter spp.|Aminoglycosides","R - resistant isolates, percentage  ","%","2022","MT","Malta",-,""
"Antimicrobial resistance","Acinetobacter spp.|Aminoglycosides","R - resistant isolates, percentage  ","%","2022","NL","Netherlands",2.010050250,""
"Antimicrobial resistance","Acinetobacter spp.|Aminoglycosides","R - resistant isolates, percentage  ","%","2022","NO","Norway",2.857142850,""
"Antimicrobial resistance","Acinetobacter spp.|Aminoglycosides","R - resistant isolates, percentage  ","%","2022","PL","Poland",61.333333330,""
"Antimicrobial resistance","Acinetobacter spp.|Aminoglycosides","R - resistant isolates, percentage  ","%","2022","PT","Portugal",21.186440670,""
"Antimicrobial resistance","Acinetobacter spp.|Aminoglycosides","R - resistant isolates, percentage  ","%","2022","RO","Romania",88.764044940,""
"Antimicrobial resistance","Acinetobacter spp.|Aminoglycosides","R - resistant isolates, percentage  ","%","2022","SE","Sweden",1.360544210,""
"Antimicrobial resistance","Acinetobacter spp.|Aminoglycosides","R - resistant isolates, percentage  ","%","2022","SI","Slovenia",43.333333330,""
"Antimicrobial resistance","Acinetobacter spp.|Aminoglycosides","R - resistant isolates, percentage  ","%","2022","SK","Slovakia",64.285714280,""
"Antimicrobial resistance","Acinetobacter spp.|Aminoglycosides","R - resistant isolates, percentage  ","%","2023","AT","Austria",8.450704220,""
"Antimicrobial resistance","Acinetobacter spp.|Aminoglycosides","R - resistant isolates, percentage  ","%","2023","BE","Belgium",4.697986570,""
"Antimicrobial resistance","Acinetobacter spp.|Aminoglycosides","R - resistant isolates, percentage  ","%","2023","BG","Bulgaria",86.338797810,""
"Antimicrobial resistance","Acinetobacter spp.|Aminoglycosides","R - resistant isolates, percentage  ","%","2023","CY","Cyprus",83.703703700,""
"Antimicrobial resistance","Acinetobacter spp.|Aminoglycosides","R - resistant isolates, percentage  ","%","2023","CZ","Czechia",35.164835160,""
"Antimicrobial resistance","Acinetobacter spp.|Aminoglycosides","R - resistant isolates, percentage  ","%","2023","DE","Germany",2.668360860,""
"Antimicrobial resistance","Acinetobacter spp.|Aminoglycosides","R - resistant isolates, percentage  ","%","2023","DK","Denmark",2.247191010,""
"Antimicrobial resistance","Acinetobacter spp.|Aminoglycosides","R - resistant isolates, percentage  ","%","2023","EE","Estonia",-,""
"Antimicrobial resistance","Acinetobacter spp.|Aminoglycosides","R - resistant isolates, percentage  ","%","2023","EL","Greece",88.125802310,""
"Antimicrobial resistance","Acinetobacter spp.|Aminoglycosides","R - resistant isolates, percentage  ","%","2023","ES","Spain",32.894736840,""
"Antimicrobial resistance","Acinetobacter spp.|Aminoglycosides","R - resistant isolates, percentage  ","%","2023","FI","Finland",3.030303030,""
"Antimicrobial resistance","Acinetobacter spp.|Aminoglycosides","R - resistant isolates, percentage  ","%","2023","HR","Croatia",92.366412210,""
"Antimicrobial resistance","Acinetobacter spp.|Aminoglycosides","R - resistant isolates, percentage  ","%","2023","HU","Hungary",39.671361500,""
"Antimicrobial resistance","Acinetobacter spp.|Aminoglycosides","R - resistant isolates, percentage  ","%","2023","IE","Ireland",0.000000000,""
"Antimicrobial resistance","Acinetobacter spp.|Aminoglycosides","R - resistant isolates, percentage  ","%","2023","IS","Iceland",-,""
"Antimicrobial resistance","Acinetobacter spp.|Aminoglycosides","R - resistant isolates, percentage  ","%","2023","IT","Italy",73.570728520,""
"Antimicrobial resistance","Acinetobacter spp.|Aminoglycosides","R - resistant isolates, percentage  ","%","2023","LT","Lithuania",82.500000000,""
"Antimicrobial resistance","Acinetobacter spp.|Aminoglycosides","R - resistant isolates, percentage  ","%","2023","LU","Luxembourg",-,""
"Antimicrobial resistance","Acinetobacter spp.|Aminoglycosides","R - resistant isolates, percentage  ","%","2023","LV","Latvia",50.649350640,""
"Antimicrobial resistance","Acinetobacter spp.|Aminoglycosides","R - resistant isolates, percentage  ","%","2023","MT","Malta",0.000000000,""
"Antimicrobial resistance","Acinetobacter spp.|Aminoglycosides","R - resistant isolates, percentage  ","%","2023","NL","Netherlands",4.716981130,""
"Antimicrobial resistance","Acinetobacter spp.|Aminoglycosides","R - resistant isolates, percentage  ","%","2023","NO","Norway",2.500000000,""
"Antimicrobial resistance","Acinetobacter spp.|Aminoglycosides","R - resistant isolates, percentage  ","%","2023","PL","Poland",68.129330250,""
"Antimicrobial resistance","Acinetobacter spp.|Aminoglycosides","R - resistant isolates, percentage  ","%","2023","PT","Portugal",28.289473680,""
"Antimicrobial resistance","Acinetobacter spp.|Aminoglycosides","R - resistant isolates, percentage  ","%","2023","RO","Romania",82.456140350,""
"Antimicrobial resistance","Acinetobacter spp.|Aminoglycosides","R - resistant isolates, percentage  ","%","2023","SE","Sweden",1.307189540,""
"Antimicrobial resistance","Acinetobacter spp.|Aminoglycosides","R - resistant isolates, percentage  ","%","2023","SI","Slovenia",25.000000000,""
"Antimicrobial resistance","Acinetobacter spp.|Aminoglycosides","R - resistant isolates, percentage  ","%","2023","SK","Slovakia",47.368421050,""
"Antimicrobial resistance","Acinetobacter spp.|Aminoglycosides","R - resistant isolates, percentage  ","%","2024","AT","Austria",3.658536580,""
"Antimicrobial resistance","Acinetobacter spp.|Aminoglycosides","R - resistant isolates, percentage  ","%","2024","BE","Belgium",3.225806450,""
"Antimicrobial resistance","Acinetobacter spp.|Aminoglycosides","R - resistant isolates, percentage  ","%","2024","BG","Bulgaria",89.047619040,""
"Antimicrobial resistance","Acinetobacter spp.|Aminoglycosides","R - resistant isolates, percentage  ","%","2024","CY","Cyprus",80.991735530,""
"Antimicrobial resistance","Acinetobacter spp.|Aminoglycosides","R - resistant isolates, percentage  ","%","2024","CZ","Czechia",20.588235290,""
"Antimicrobial resistance","Acinetobacter spp.|Aminoglycosides","R - resistant isolates, percentage  ","%","2024","DE","Germany",4.111111110,""
"Antimicrobial resistance","Acinetobacter spp.|Aminoglycosides","R - resistant isolates, percentage  ","%","2024","DK","Denmark",5.102040810,""
"Antimicrobial resistance","Acinetobacter spp.|Aminoglycosides","R - resistant isolates, percentage  ","%","2024","EE","Estonia",-,""
"Antimicrobial resistance","Acinetobacter spp.|Aminoglycosides","R - resistant isolates, percentage  ","%","2024","EL","Greece",88.665997990,""
"Antimicrobial resistance","Acinetobacter spp.|Aminoglycosides","R - resistant isolates, percentage  ","%","2024","ES","Spain",21.250000000,""
"Antimicrobial resistance","Acinetobacter spp.|Aminoglycosides","R - resistant isolates, percentage  ","%","2024","FI","Finland",2.380952380,""
"Antimicrobial resistance","Acinetobacter spp.|Aminoglycosides","R - resistant isolates, percentage  ","%","2024","FR","France",3.833049400,""
"Antimicrobial resistance","Acinetobacter spp.|Aminoglycosides","R - resistant isolates, percentage  ","%","2024","HR","Croatia",89.671361500,""
"Antimicrobial resistance","Acinetobacter spp.|Aminoglycosides","R - resistant isolates, percentage  ","%","2024","HU","Hungary",44.135188860,""
"Antimicrobial resistance","Acinetobacter spp.|Aminoglycosides","R - resistant isolates, percentage  ","%","2024","IE","Ireland",1.754385960,""
"Antimicrobial resistance","Acinetobacter spp.|Aminoglycosides","R - resistant isolates, percentage  ","%","2024","IS","Iceland",-,""
"Antimicrobial resistance","Acinetobacter spp.|Aminoglycosides","R - resistant isolates, percentage  ","%","2024","IT","Italy",69.191597700,""
"Antimicrobial resistance","Acinetobacter spp.|Aminoglycosides","R - resistant isolates, percentage  ","%","2024","LT","Lithuania",76.388888880,""
"Antimicrobial resistance","Acinetobacter spp.|Aminoglycosides","R - resistant isolates, percentage  ","%","2024","LU","Luxembourg",-,""
"Antimicrobial resistance","Acinetobacter spp.|Aminoglycosides","R - resistant isolates, percentage  ","%","2024","LV","Latvia",65.000000000,""
"Antimicrobial resistance","Acinetobacter spp.|Aminoglycosides","R - resistant isolates, percentage  ","%","2024","MT","Malta",-,""
"Antimicrobial resistance","Acinetobacter spp.|Aminoglycosides","R - resistant isolates, percentage  ","%","2024","NL","Netherlands",5.188679240,""
"Antimicrobial resistance","Acinetobacter spp.|Aminoglycosides","R - resistant isolates, percentage  ","%","2024","NO","Norway",1.754385960,""
"Antimicrobial resistance","Acinetobacter spp.|Aminoglycosides","R - resistant isolates, percentage  ","%","2024","PL","Poland",56.167400880,""
"Antimicrobial resistance","Acinetobacter spp.|Aminoglycosides","R - resistant isolates, percentage  ","%","2024","PT","Portugal",22.666666660,""
"Antimicrobial resistance","Acinetobacter spp.|Aminoglycosides","R - resistant isolates, percentage  ","%","2024","RO","Romania",89.870129870,""
"Antimicrobial resistance","Acinetobacter spp.|Aminoglycosides","R - resistant isolates, percentage  ","%","2024","SE","Sweden",3.289473680,""
"Antimicrobial resistance","Acinetobacter spp.|Aminoglycosides","R - resistant isolates, percentage  ","%","2024","SI","Slovenia",5.000000000,""
"Antimicrobial resistance","Acinetobacter spp.|Aminoglycosides","R - resistant isolates, percentage  ","%","2024","SK","Slovakia",37.234042550,""
