Year,Country,DDD per 1000 inhabitants per day
2012,Belgium,1.9106
2012,Bulgaria,3.2477
2012,Croatia,4.0686
2012,Cyprus,5.3563
2012,Denmark,0.3228
2012,Estonia,1.5298
2012,Finland,3.2108
2012,France,2.6751
2012,Greece,7.0922
2012,Hungary,2.0579
2012,Ireland,1.3831
2012,Italy,2.7805
2012,Iceland,0.6883
2012,Lithuania,1.4884
2012,Luxembourg,4.2558
2012,Latvia,1.1129
2012,Malta,5.5131
2012,Netherlands,0.2094
2012,Norway,0.4190
2012,Portugal,1.9500
2012,Romania,4.3611
2012,Slovenia,0.6124
2012,Slovakia,4.0128
2012,Sweden,0.3526
2013,Belgium,1.9176
2013,Bulgaria,3.5748
2013,Croatia,3.4708
2013,Cyprus,4.8523
2013,Denmark,0.3857
2013,Estonia,1.6409
2013,Finland,3.1894
2013,France,2.5477
2013,Greece,7.9211
2013,Hungary,2.1166
2013,Ireland,1.5168
2013,Italy,2.8955
2013,Iceland,0.7642
2013,Lithuania,1.8363
2013,Luxembourg,4.4091
2013,Latvia,1.1805
2013,Malta,5.7598
2013,Netherlands,0.2160
2013,Norway,0.4060
2013,Portugal,1.8339
2013,Romania,4.8135
2013,Slovenia,0.5946
2013,Slovakia,5.1499
2013,Sweden,0.3542
2013,United Kingdom,0.4835
2014,Belgium,1.8033
2014,Bulgaria,4.1718
2014,Croatia,3.3302
2014,Cyprus,4.4708
2014,Denmark,0.4200
2014,Estonia,1.7022
2014,Finland,3.1434
2014,France,2.3672
2014,Greece,7.7930
2014,Hungary,2.1894
2014,Ireland,1.2738
2014,Italy,2.7476
2014,Lithuania,1.7069
2014,Luxembourg,3.9245
2014,Latvia,1.1443
2014,Malta,4.8077
2014,Netherlands,0.2260
2014,Norway,0.3758
2014,Poland,2.7264
2014,Portugal,1.8406
2014,Romania,5.3279
2014,Slovenia,0.5828
2014,Slovakia,5.0526
2014,Sweden,0.3096
2014,United Kingdom,0.4749
2015,Belgium,1.8261
2015,Bulgaria,4.7507
2015,Croatia,3.2824
2015,Cyprus,5.2461
2015,Denmark,0.3237
2015,Estonia,1.7818
2015,Finland,2.9905
2015,France,2.4401
2015,Greece,8.0391
2015,Hungary,2.3065
2015,Ireland,1.3394
2015,Italy,2.6893
2015,Lithuania,1.8710
2015,Luxembourg,3.9899
2015,Latvia,1.1852
2015,Malta,4.3403
2015,Netherlands,0.2369
2015,Norway,0.3534
2015,Poland,3.2008
2015,Portugal,1.9612
2015,Romania,5.2720
2015,Slovenia,0.6132
2015,Slovakia,5.4468
2015,Sweden,0.3049
2015,United Kingdom,0.4324
2016,Belgium,1.6934
2016,Bulgaria,4.9631
2016,Croatia,2.9935
2016,Cyprus,5.1691
2016,Denmark,0.2938
2016,Estonia,1.7057
2016,Finland,3.0142
2016,France,2.2685
2016,Greece,7.9505
2016,Hungary,2.3839
2016,Ireland,1.3393
2016,Italy,2.5582
2016,Lithuania,1.9721
2016,Luxembourg,3.9103
2016,Latvia,1.2090
2016,Malta,3.7945
2016,Netherlands,0.2346
2016,Norway,0.3347
2016,Poland,3.1966
2016,Portugal,1.9483
2016,Romania,4.9421
2016,Slovenia,0.6316
2016,Slovakia,5.3712
2016,Spain,2.6672
2016,Sweden,0.3027
2016,United Kingdom,0.3954
2017,Belgium,1.5439
2017,Bulgaria,5.2069
2017,Croatia,3.0207
2017,Cyprus,5.8056
2017,Denmark,0.3292
2017,Estonia,1.7321
2017,Finland,2.7780
2017,France,1.9172
2017,Greece,8.2038
2017,Hungary,2.4571
2017,Ireland,1.2673
2017,Italy,2.3295
2017,Iceland,0.8906
2017,Lithuania,2.0706
2017,Luxembourg,2.8622
2017,Latvia,1.3026
2017,Malta,3.3981
2017,Netherlands,0.2437
2017,Norway,0.3298
2017,Poland,4.6313
2017,Portugal,2.0369
2017,Romania,4.9534
2017,Slovenia,0.6829
2017,Slovakia,5.0032
2017,Spain,2.6730
2017,Sweden,0.2431
2017,United Kingdom,0.3980
2018,Belgium,1.6211
2018,Bulgaria,5.6185
2018,Croatia,3.0521
2018,Cyprus,5.8835
2018,Denmark,0.2841
2018,Estonia,1.6866
2018,Finland,2.9027
2018,France,1.7267
2018,Greece,8.4210
2018,Hungary,2.4972
2018,Ireland,1.3379
2018,Italy,2.5004
2018,Iceland,0.8615
2018,Lithuania,2.1060
2018,Luxembourg,3.2871
2018,Latvia,1.2226
2018,Malta,2.9381
2018,Netherlands,0.2559
2018,Norway,0.3234
2018,Poland,3.4521
2018,Portugal,2.0131
2018,Romania,5.1711
2018,Slovenia,0.6260
2018,Slovakia,6.7010
2018,Spain,2.7483
2018,Sweden,0.2363
2018,United Kingdom,0.3823
2019,Austria,1.9211
2019,Belgium,1.5755
2019,Bulgaria,5.4792
2019,Croatia,3.1098
2019,Cyprus,6.3960
2019,Czechia,2.5424
2019,Denmark,0.2630
2019,Estonia,1.6934
2019,Finland,2.6317
2019,France,1.6074
2019,Greece,8.1122
2019,Hungary,2.4429
2019,Ireland,1.3766
2019,Italy,2.7281
2019,Iceland,0.7987
2019,Lithuania,2.1773
2019,Luxembourg,3.1866
2019,Latvia,1.2716
2019,Malta,3.1156
2019,Netherlands,0.2594
2019,Norway,0.3082
2019,Poland,4.0645
2019,Portugal,2.0390
2019,Romania,5.3892
2019,Slovenia,0.7090
2019,Slovakia,5.2639
2019,Spain,2.7597
2019,Sweden,0.2233
2019,United Kingdom,0.3728
2020,Austria,1.4526
2020,Belgium,1.1329
2020,Bulgaria,5.2658
2020,Croatia,2.5925
2020,Cyprus,6.1889
2020,Czechia,1.9058
2020,Denmark,0.2401
2020,Estonia,1.5340
2020,Finland,2.2791
2020,France,1.1989
2020,Greece,6.3012
2020,Hungary,1.8031
2020,Ireland,1.1626
2020,Italy,2.1316
2020,Iceland,0.7538
2020,Lithuania,1.9919
2020,Luxembourg,2.1552
2020,Latvia,1.0926
2020,Malta,2.2521
2020,Netherlands,0.2564
2020,Norway,0.2823
2020,Poland,2.8537
2020,Portugal,1.7781
2020,Romania,4.4948
2020,Slovenia,0.6967
2020,Slovakia,3.6893
2020,Spain,2.3285
2020,Sweden,0.2093
2021,Austria,1.5237
2021,Belgium,1.1430
2021,Bulgaria,6.0953
2021,Croatia,2.9605
2021,Cyprus,5.1559
2021,Czechia,2.0083
2021,Denmark,0.2308
2021,Estonia,1.3921
2021,Finland,2.1943
2021,France,1.2249
2021,Greece,4.9554
2021,Hungary,1.7148
2021,Ireland,1.1590
2021,Italy,2.0059
2021,Iceland,0.8284
2021,Lithuania,1.9300
2021,Luxembourg,2.0097
2021,Latvia,0.9918
2021,Malta,1.6529
2021,Netherlands,0.2608
2021,Norway,0.2917
2021,Poland,2.8589
2021,Portugal,1.9226
2021,Romania,4.6526
2021,Slovenia,0.7866
2021,Slovakia,3.9970
2021,Spain,2.3836
2021,Sweden,0.2180
2022,Austria,1.6071
2022,Belgium,1.3028
2022,Bulgaria,6.8561
2022,Croatia,3.3279
2022,Cyprus,6.4817
2022,Czechia,2.5126
2022,Denmark,0.2316
2022,Estonia,1.6714
2022,Finland,2.2219
2022,France,1.4190
2022,Greece,7.4593
2022,Hungary,1.9151
2022,Ireland,1.5488
2022,Italy,2.5994
2022,Iceland,1.0374
2022,Lithuania,2.3909
2022,Luxembourg,2.3815
2022,Latvia,1.2280
2022,Malta,2.9491
2022,Netherlands,0.2581
2022,Norway,0.3105
2022,Poland,3.5353
2022,Portugal,2.2571
2022,Romania,5.0321
2022,Slovenia,0.8486
2022,Slovakia,5.3841
2022,Spain,2.7698
2023,Austria,1.6169
2023,Belgium,1.1753
2023,Bulgaria,7.3742
2023,Croatia,3.5558
2023,Cyprus,0.0000
2023,Czechia,2.9589
2023,Denmark,0.2111
2023,Estonia,1.5879
2023,Finland,2.1282
2023,France,1.3966
2023,Germany,2.7655
2023,Greece,6.6556
2023,Hungary,2.1414
2023,Ireland,0.7689
2023,Italy,2.9542
2023,Iceland,1.2379
2023,Lithuania,2.7711
2023,Luxembourg,2.3781
2023,Latvia,1.3224
2023,Malta,2.9924
2023,Netherlands,0.2669
2023,Norway,0.3024
2023,Poland,3.4994
2023,Portugal,2.1391
2023,Romania,5.0200
2023,Slovenia,0.7047
2023,Slovakia,4.7648
2023,Spain,2.9034
2024,Austria,1.7557
2024,Belgium,1.0946
2024,Bulgaria,7.0756
2024,Croatia,3.5088
2024,Cyprus,5.6648
2024,Czechia,2.3524
2024,Estonia,1.4337
2024,Finland,2.0057
2024,France,1.2990
2024,Germany,2.4619
2024,Greece,7.0871
2024,Hungary,2.2036
2024,Ireland,1.1156
2024,Italy,2.7984
2024,Iceland,1.0417
2024,Lithuania,2.2005
2024,Luxembourg,2.3706
2024,Latvia,1.3696
2024,Malta,2.5220
2024,Netherlands,0.3006
2024,Norway,0.2950
2024,Poland,3.2370
2024,Portugal,2.2650
2024,Romania,5.5616
2024,Slovenia,0.9779
2024,Slovakia,5.1044
2024,Spain,2.8573
